Ten_San_Pham,Tu_Gia,Den_Gia,Gia_Goc,Thuong_Hieu
Laptop ASUS Vivobook 15X Oled M3504YA-L1268W (Ryzen 5 7530U/RAM 16GB/Onboard/512GB SSD/ Windows 11),14690000,0,18990000,ASUS
Laptop ACER Gaming Aspire 7 A715-76G-5806 (i5-12450H/RAM 16GB/GeForce RTX 3050/512GB SSD/ Windows 11),18990000,0,22990000,ACER
Laptop HP 15s-fq5228TU - 8U240PA (i3-1215U/RAM 8GB/Onboard/512GB SSD/ Windows 11),10790000,0,12990000,HP
Laptop Lenovo IdeaPad Slim 5 14IAH8 - 83BF002NVN (i5-12450H/RAM 16GB/Onboard/512GB SSD/ Windows 11),15990000,0,17490000,LENOVO
Laptop gaming MSI Cyborg 15 A13UC-861VN (i5-13420H/RAM 16GB/GeForce RTX 3050/512GB SSD/ Windows 11),20490000,0,21990000,MSI
Laptop Acer Aspire Lite - AL14-51M-59BN (i5-1235U),13990000,0,14990000,ACER
Laptop gaming Lenovo LOQ 15IAX9 - 83GS004BVN (i5-12450HX/RAM 12GB/GeForce RTX 3050/512GB SSD/ Windows 11),21490000,0,24490000,LENOVO
Laptop Acer Gaming Aspire 7 A715-76G-59MW (i5-12450H) (Đen),15990000,0,21490000,ACER
Laptop Lenovo IdeaPad Slim 3 15IAH8 - 83ER000FVN (i5-12450H/RAM 16GB/Onboard/1TB SSD/ Windows 11),14990000,0,16990000,LENOVO
Laptop ACER Swift 3 SF314-512-56QN (NX.K0FSV.002) (i5-1240P/RAM 16GB/Onboard/512GB SSD/ Windows 11),16990000,0,24790000,ACER
Laptop ASUS Vivobook S 14 OLED S5406MA-PP028W (Ultra 5-125H/RAM 16GB/Onboard/512GB SSD/ Windows 11),23490000,0,25990000,ASUS
Laptop HP 14s 14-em0085AU (835T8PA) (Ryzen 3 7320U/RAM 8GB/Onboard/512GB SSD/ Windows 11),8990000,0,12490000,HP
Laptop HP Pavilion 14-dv2072TU (7C0W1PA) (i7-1255U) (Vàng),17990000,0,23890000,HP
Laptop Acer Aspire 3 A315-59-51X8 (NX.K6TSV.00F) (i5-1235U) (Bạc),12990000,0,15490000,ACER
Laptop gaming Acer Nitro 5 Tiger AN515-58-769J ( i7-12700H/RAM 8GB/RTX 3050/512GB SSD/Windows 11),21490000,0,31790000,ACER
Laptop gaming ASUS TUF Gaming F15 - FX507ZC4-HN095W (i5-12500H/RAM 16GB/GeForce RTX 3050/512GB SSD/ Windows 11),20990000,0,24990000,ASUS
Laptop Acer Aspire 3 A315-59-381E (NX.K6TSV.006) (i3-1215U) (Bạc),8990000,0,11990000,ACER
Laptop HP 14-ep0112TU (8C5L1PA) (i5-1335U/RAM 16GB/Onboard/512GB SSD/ Windows 11),16790000,0,19590000,HP
Laptop Lenovo Ideapad Slim 3 15IRH8 - 83EM003EVN (i7-13620H) (Xám),17990000,0,18490000,LENOVO
Laptop gaming ASUS TUF Gaming A15 FA506NC-HN031W (Ryzen 5 7535HS/RAM 16GB/GeForce RTX 3050/1TB SSD/ Windows 11 Home),19490000,0,23490000,ASUS
Laptop Dell Inspiron 15 3520 - 25P2312 (i5-1235U/RAM 16GB/512GB SSD/ Windows 11 + Office),16490000,0,17190000,DELL
Laptop Dell Vostro 15 3520 (5M2TT2) (i5-1235U/RAM 8GB/Onboard/512GB SSD/ Windows 11 + Office),15590000,0,16190000,DELL
Laptop HP Pavilion 15-eg2081TU (7C0Q4PA) (i5-1240P/RAM 16GB/Onboard/512GB SSD/ Windows 11),17190000,0,20990000,HP
Laptop gaming ACER Nitro 5 Tiger AN515-58-773Y (i7-12700H/RAM 8GB/GeForce RTX 3050Ti/512GB SSD/ Windows 11),23490000,0,33790000,ACER
Laptop Dell Latitude 3440 (i5-1235U/RAM 16GB/Onboard/512GB SSD/ Windows 11),16990000,0,18990000,DELL
MacBook Air M1 2020 13 inch (8GB/256GB SSD),18690000,19690000,28990000,APPLE
Laptop Asus Vivobook S3405VA-KM072W (i5-13500H) (Đen),18690000,0,22990000,ASUS
Laptop ACER Aspire 7 A715-76-53PJ (NH.QGESV.007) (i5-12450H/RAM 16GB/Onboard/512GB SSD/ Windows 11),14490000,0,16990000,ACER
Laptop gaming Lenovo LOQ 15IAX9 - 83GS000RVN (i5-12450HX/RAM 16GB/GeForce RTX 4050/512GB SSD/ Windows 11),25990000,0,27990000,LENOVO
Laptop ASUS Zenbook 14 OLED UX3405MA-PP151W (Ultra 5-125H/RAM 16GB/Onboard/512GB SSD/ Windows 11),26690000,0,28990000,ASUS
Laptop ASUS VivoBook 15 OLED A1505VA-MA492W (i7-13700H/RAM 16GB/Onboard/512GB SSD/ Windows 11),20190000,0,22990000,ASUS
Laptop ASUS Vivobook 15 OLED A1505VA-L1114W (i5-13500H/RAM 16GB/512GB SSD/ Windows 11),17690000,0,19990000,ASUS
Laptop Asus Vivobook 16 M1605YA-MB303W (AMD Ryzen 7-7730U) (Bạc),13990000,0,15990000,ASUS
Laptop gaming ASUS TUF Gaming A15 FA507NU-LP070W (Ryzen 7 7735HS/RAM 16GB/GeForce RTX 4050/1TB SSD/ Windows 11),26490000,0,28990000,ASUS
Laptop Dell Inspiron 3520 - N5I5052W1 (i5 -1235U) (Bạc),16490000,0,16790000,DELL
Laptop ACER Aspire Lite - AL15-51M-75E2 (i7-1165G7/RAM 16GB/Onboard/512GB SSD/ Windows 11),14490000,0,15990000,ACER
Laptop ASUS Vivobook 14 X1404ZA-NK386W (i3-1215U/RAM 8GB/Onboard/512GB SSD/ Windows 11),9890000,0,11990000,ASUS
Laptop ASUS Vivobook X14 - X1404ZA-NK389W (i7-1255U/RAM 16GB/Onboard/512GB SSD/ Windows 11),15690000,0,17990000,ASUS
Laptop gaming Acer Nitro 5 Tiger AN515-58-52SP (i5-12500H/RAM 8GB/RTX 3050/512GB SSD/ Windows 11),19990000,0,29490000,ACER
Laptop ACER Swift Go AI SFG14-73-53X7 (Ultra 5-125H/RAM 16GB/Onboard/512GB SSD/ Windows 11),22990000,0,23990000,ACER
Laptop gaming ASUS TUF Gaming F15 FX507ZC4-HN074W (i5-12500H/RAM 8GB/GeForce RTX 3050/512GB SSD/ Windows 11),18990000,0,23990000,ASUS
Laptop ASUS Vivobook 14 OLED A1405VA-KM095W (i5-13500H/RAM 16GB/512GB SSD/ Windows 11),17590000,0,19790000,ASUS
Laptop Dell Inspiron 15 3520 (i5-1235U/RAM 16GB/Onboard/512GB SSD/ Windows 11 + Office),16490000,0,17190000,DELL
Laptop gaming ACER Nitro V ANV15-51-91T5 (i9-13900H/RAM 16GB/GeForce RTX 4060/512GB SSD/ Windows 11),31490000,0,32990000,ACER
Laptop gaming Lenovo LOQ 15IAX9 - 83GS001SVN (i5-12450HX/RAM 12GB/GeForce RTX 2050/512GB SSD/ Windows 11),18490000,0,21490000,LENOVO
Laptop gaming ACER Nitro V ANV15-51-75GS (i7-13620H/RAM 16GB/GeForce RTX 4050/512GB SSD/ Windows 11),28990000,0,30990000,ACER
Laptop HP 15s-fq5160TU (7C0S1PA) (i5-1235U) (Bạc),16190000,0,19990000,HP
Laptop Dell Inspiron 15 3530 (N3530-i5U085W11SLU) (i5-1335U) (Bạc),16990000,0,17990000,DELL
Laptop Lenovo ThinkBook 14 G6 IRL - 21KG00RDVN (i5-13420H/RAM 16GB/Onboard/512GB SSD/ Windows 11),16990000,0,17990000,LENOVO
Laptop ASUS Vivobook 14X OLED A1405ZA-KM263W (i7-12700H/RAM 16GB/Onboard/512GB SSD/ Windows 11),18490000,0,20490000,ASUS
Laptop Lenovo Ideapad 5 - 15IAL7 -82SF006LVN (i5-1235U) (Xanh),11990000,0,19490000,LENOVO
Laptop Lenovo Ideapad Slim 3 15ABR8 - 82XM00EJVN (Ryzen 5 7430U/RAM 16GB/Onboard/512GB SSD/ Windows 11),12490000,0,14390000,LENOVO
Laptop HP 15-fd0079TU - 8D732PA (i5-1335U/RAM 16GB/Onboard/512GB SSD/ Windows 11),16790000,0,19590000,HP
Laptop Acer Aspire 3 A315-58-529V (i5-1135G7) (Bạc),10990000,0,11990000,ACER
Laptop gaming MSI Thin GF63 12VE - 454VN (i5-12450H/RAM 16GB/GeForce RTX 4050/512GB SSD/ Windows 11),18990000,0,22290000,MSI
Laptop Dell Inspiron 3530 - N5I5489W1 (i5-1335U) (Bạc),20590000,0,22490000,DELL
MacBook Air M2 2022 13 inch (8GB/256GB SSD),22990000,0,31900000,APPLE
Laptop gaming MSI Cyborg 15 A12VE-412VN (i5-12450H/RAM 8GB/GeForce RTX 4050/512GB SSD/ Windows 11),18990000,0,24990000,MSI
Laptop ACER Aspire 5 A515-58M-56YX (Core i5-13420H/RAM 16GB/Onboard/512GB SSD/ Windows 11),16490000,0,17490000,ACER
Laptop gaming HP Victus 15-fb1022AX - 94F19PA (Ryzen 5 7535HS/RAM 16GB/GeForce RTX 2050/512GB SSD/ Windows 11),18490000,0,25490000,HP
Laptop Dell Inspiron 5440 G14 - N4I7204W1 (Core 7-150U) (Xanh),25490000,0,26490000,DELL
MacBook Pro 14 inch M3 2023 (36GB/512GB SSD),63390000,0,0,APPLE
Laptop HP 15-fd0083TU - 8D736PA (i7-1355U/RAM 16GB/Onboard/512GB SSD/ Windows 11),19890000,0,22490000,HP
Laptop MSI Modern 14 C13M-607VN (i7-1355U) (Đen),15990000,0,21490000,MSI
Laptop HP Pavilion 15-eg2088TU (7C0R0PA) (i7-1260P/RAM 16GB/Onboard/512GB SSD/ Windows 11),20990000,0,25290000,HP
Laptop gaming HP Victus 15-fa1139TX - 8Y6W3PA (i5-12450H/RAM 16GB/GeForce RTX 2050/512GB SSD/ Windows 11),18990000,0,24590000,HP
Laptop Dell Vostro 3520 - 71030559 (i5-1235U) (Xám),16490000,0,16790000,DELL
Laptop gaming MSI Cyborg 15 A12VF-267VN (i7-12650H/RAM 8GB/GeForce RTX 4060/512GB SSD/ Windows 11),23990000,0,30490000,MSI
Laptop gaming ASUS TUF Gaming A15 FA506NF-HN005W (Ryzen 5 7535HS/RAM 8GB/GeForce RTX 2050/512GB SSD/ Windows 11),15990000,0,19990000,ASUS
Laptop gaming Acer Nitro 16 Phoenix AN16-41-R5M4 (NH.QKBSV.003) (AMD Ryzen 5-7535HS) (Đen),25990000,0,29990000,ACER
Laptop ACER Gaming Aspire 5 A515-58GM-53PZ (i5-13420H/RAM 8GB/GeForce RTX 2050/512GB SSD/ Windows 11),16490000,0,20490000,ACER
Laptop ASUS Zenbook 14 OLED - UX3405MA-PP152W (Ultra 7-155H/RAM 32GB/Onboard/1TB SSD/ Windows 11),31990000,0,34990000,ASUS
Laptop MSI Katana 15 B13VFK - 676VN (i7-13620H/RAM 16GB/GeForce RTX 4060/1TB SSD/ Windows 11),27990000,0,31990000,MSI
Laptop Acer Aspire 5 A515-58GM-59LJ (NX.KQ4SV.001) (i5-13420H) (Xám),16490000,0,20490000,ACER
Laptop gaming ASUS TUF Gaming A15 FA507NV-LP111W (Ryzen 5 7535HS/RAM 16GB/GeForce RTX 4060/1TB SSD/ Windows 11),26490000,0,30990000,ASUS
Laptop Lenovo Ideapad Slim 5 Light 14ABR8 - 82XS0007VN (Ryzen 7 7730U/RAM 8GB/Onboard/512GB SSD/ Windows 11),14990000,0,18990000,LENOVO
Laptop HP Pavilion 14-dv2071TU (7C0W0PA) (i7-1255U) (Vàng),20990000,0,25190000,HP
Laptop Asus ZenBook 14 OLED UX3402VA-KM203W (i5-1340P) (Bạc),22190000,0,27990000,ASUS
Laptop Acer Aspire 3 A315-58-54M5 (NX.ADDSV.00M) (i5-1135G7),11990000,0,16790000,ACER
Laptop gaming HP Victus 16-r0127TX - 8C5N2PA (i7-13700H/RAM 16GB/GeForce RTX 4060/512GB SSD/ Windows 11),32990000,0,38390000,HP
Laptop Acer Swift Go AI 2024 Gen 2 SFG14-73-71ZX (Ultra 7-155H) (Bạc),25749000,0,26990000,ACER
Laptop Dell Inspiron 16 5640 - N5640-C7U161W11IBU (Core 7 150U) (Xanh),26590000,0,27690000,DELL
Laptop Lenovo Ideapad Slim 5 16IMH9 - 83DC001RVN (Core Ultra 5-125H) (Xám),21990000,0,23690000,LENOVO
Laptop Dell Inspiron 14 5440 - NDY5V1 (i5-1334U/RAM 16GB/Onboard/512GB SSD/ Windows 11 + Office),19990000,0,21390000,DELL
Laptop HP ProBook 450 G10 - 873J6PA (i5-1340P) (Bạc),18990000,0,22590000,HP
Laptop ASUS Vivobook 15 OLED A1505VA-L1201W (i9-13900H/RAM 16GB/512GB SSD/ Windows 11),21590000,0,23990000,ASUS
Laptop MSI GF63 Thin 12VE-460VN (i5-12450H) (Đen),17990000,0,22490000,MSI
Laptop ASUS Vivobook S 16 OLED S5606MA-MX051W (Ultra 7-155H/RAM 16GB/Onboard/512GB SSD/ Windows 11),27490000,0,29990000,ASUS
Laptop gaming HP Victus 16-s0078AX - 8C5N7PA (Ryzen 5 7640HS/RAM 16GB/GeForce RTX 3050/512GB SSD/ Windows 11),23090000,0,27390000,HP
Laptop Dell Inspiron 5440 G14 - N4I5211W1 (Core 5-120U) (Xanh),23490000,0,24490000,DELL
Laptop Dell Inspiron 14 5440 - 71034770 (Core 7-150U) (Xanh),28090000,0,29990000,DELL
Laptop Acer Aspire 5 A514-55-5954 (NX.K5BSV.001) (i5-1235U) (Xám),13490000,0,19990000,ACER
Laptop Dell Vostro 3530 - V5I5267W1 (i5-1335U/RAM 8GB/Onboard/256GB SSD/ Windows 11 + Office),15790000,0,17990000,DELL
Laptop gaming ASUS TUF Gaming A15 FA507NU-LP131W (Ryzen 5 7535HS/RAM 16GB/GeForce RTX 4050/1TB SSD/ Windows 11),24990000,0,26990000,ASUS
Laptop ACER Gaming Aspire 5 A515-58GM-598J (i5-13420H/RAM 16GB/GeForce RTX 2050/512GB SSD/ Windows 11),18490000,0,21490000,ACER
Laptop Dell Inspiron 16 5630 - H6KRV (i5-1340P/RAM 16GB/GeForce RTX 2050/512GB SSD/ Windows 11 + Office),25790000,0,28090000,DELL
Laptop ACER Predator Helios Neo PHN16-71-53M7 (NH.QLUSV.005) (i5-13500HX/RAM 16GB/GeForce RTX 4060/512GB SSD/ Windows 11),35990000,0,37990000,ACER
Laptop Dell Inspiron 14 5440 - 71034769 (Core 5-120U) (Xanh),22990000,0,24990000,DELL
Laptop Acer Aspire 5 A514-56P-35X7 (NX.KHRSV.001) (i3-1315U) (Xám),10990000,0,12990000,ACER
Laptop HP Envy x360 14-fc0093TU - A19C3PA (Ultra 5-125U/RAM 16GB/Onboard/512GB SSD/ Windows 11),27390000,28690000,29490000,HP
Laptop Acer Aspire 3 A314-23M-R4TX (NX.KEXSV.001) (AMD Ryzen 5 7520U) (Bạc),11990000,0,13290000,ACER
Laptop ACER Aspire 5 A515-58P-774R (NX.KHJSV.005) (i7-1355U/RAM 16GB/Onboard/512GB SSD/ Windows 11),18990000,0,19990000,ACER
Laptop gaming ASUS TUF Gaming F15 FX507VV-LP157W (i7-13620H/RAM 16GB/GeForce RTX 4060/512GB SSD/ Windows 11),31990000,0,34990000,ASUS
Laptop MSI Thin 15 B12UCX-1419VN (i5-12450H) (Xám),15990000,0,17990000,MSI
Laptop ASUS Vivobook 15X OLED M3504YA-L1332W (Ryzen 7 7730U/RAM 16GB/Onboard/512GB SSD/ Windows 11),16190000,0,18990000,ASUS
Laptop HP 15-fd1043TU - 9Z2W9PA (Core 5 120U/RAM 16GB/Onboard/1TB SSD/ Windows 11),18990000,0,20790000,HP
Laptop HP ProBook 440 G10 - 873B2PA (i5-1340P),20990000,0,23590000,HP
Laptop gaming HP Victus 16-r0128TX - 8C5N3PA (i5-13450HX/RAM 16GB/GeForce RTX 4050/512GB SSD/ Windows 11),25990000,0,31690000,HP
Laptop Dell Inspiron 14 7430 (T7430-i7U165W11SLU) (i7-1355U) (Bạc),28490000,0,29490000,DELL
Laptop ACER Aspire 5 A514-56P-55K5 (NX.KHRSV.003) (i5-1335U/RAM 16GB/Onboard/512GB SSD/ Windows 11),15790000,0,16990000,ACER
Laptop HP EliteBook 640 G10 (873H3PA) (i7-1355U/RAM 16GB/Onboard/512GB SSD/ Windows 11),24490000,0,29690000,HP
Laptop HP Probook 440 G11 - A74B5PT (Ultra 5-125U/RAM 16GB/Onboard/512GB SSD/ Windows 11),21690000,0,23390000,HP
Laptop Lenovo ThinkPad E14 Gen 5 - 21JK00H5VN (i5-13420H/RAM 16GB/Onboard/512GB SSD/ Windows 11),18990000,0,20490000,LENOVO
Laptop ASUS ExpertBook B1 B1402CBA-EB4202W (i5-1235U/RAM 16GB/Onboard/512GB SSD/ Windows 11),13690000,0,14690000,ASUS
Laptop ASUS Vivobook 15 X1504VA-NJ069W (i3-1315U/RAM 8GB/512GB SSD/ Windows 11),11090000,0,13690000,ASUS
Laptop MSI Modern 14 C13M - 608VN (i5-1335U) (Đen),13990000,0,18490000,MSI
Laptop Lenovo Yoga Slim 6 14IRH8 - 83E00008VN (i7-13700H) (Xám đen),25890000,0,26890000,LENOVO
Laptop Lenovo LOQ 15IRX9 - 83DV00D5VN (i7-13650HX) (Xám),29490000,0,32990000,LENOVO
Laptop Lenovo ThinkBook 14 G6 IRL - 21KG00BQVN (i7-1355U/RAM 16GB/Onboard/512GB SSD/ Windows 11),19990000,0,21990000,LENOVO
Laptop HP 15s-fq5144TU (7C0R8PA) (i7-1255U) (Bạc),18490000,0,22890000,HP
Laptop HP Envy x360 13-bf0113TU (7C0V8PA) (i5-1230U) (Xanh),22490000,0,28790000,HP
Laptop Asus Vivobook S3405VA-KM071W (i9-13900H) (Đen),22390000,0,26990000,ASUS
Laptop MSI Modern 15 B12MO-487VN (i7-1255U) (Đen),14990000,0,19490000,MSI
Laptop ASUS Vivobook 15X OLED S3504VA-L1227WS (i7-1360P/RAM 16GB/Onboard/512GB SSD/ Windows 11 + Office),21590000,0,25990000,ASUS
Laptop gaming MSI Cyborg 15 AI A1VEK-053VN (Ultra 7-155H/RAM 16GB/GeForce RTX 4050/512GB SSD/ Windows 11),28990000,0,30990000,MSI
Laptop ASUS VivoBook 15 OLED A1505VA-MA469W (i9-13900H/RAM 16GB/512GB SSD/ Windows 11),22690000,0,24990000,ASUS
Laptop HP Pavilion X360 14-ek2024TU - 9Z2V6PA (Core 5 120U/RAM 16GB/Onboard/512GB SSD/ Windows 11),23890000,0,31290000,HP
Laptop ACER Aspire 5 Spin 14 A5SP14-51MTN-573X (i5-1335U/RAM 16GB/512GB SSD/ Windows 11),18990000,0,20990000,ACER
Laptop HP 15s-fq5159TU (7C0S0PA) (i7-1255U) (Bạc),15690000,0,20590000,HP
Laptop gaming HP Victus 16-s0077AX (8C5N6PA) (Ryzen 7 7840HS/RAM 16GB/GeForce RTX 3050/512GB SSD/ Windows 11),26590000,0,31690000,HP
Laptop HP 14-ep0110TU (8C5K9PA) (i7-1355U/RAM 16GB/Onboard/512GB SSD/ Windows 11),19890000,0,21990000,HP
Laptop Asus Vivobook 15 OLED A1505VA-L1491W (i7-13700H) (Bạc),20090000,0,21990000,ASUS
Laptop HP Probook 450 G9 (6M0Z9PA) (i7-1255U) (Bạc),22790000,0,26990000,HP
Laptop gaming HP Victus 16-r0129TX - 8C5N4PA (i7-13700H/RAM 16GB/GeForce RTX 3050/512GB SSD/ Windows 11),28490000,0,32690000,HP
Laptop ACER Aspire 5 A514-56P-742F (NX.KHRSV.005) (i7-1355U/RAM 16GB/Onboard/512GB SSD/ Windows 11),18990000,0,19990000,ACER
Laptop HP Pavilion X360 14-ek1047TU - 80R25PA (i7-1355U),24990000,0,27290000,HP
Laptop gaming ASUS Tuf Gaming F15 FX506HF-HN078W (i5-11260H/RAM 16GB/GeForce RTX 2050/512GB SSD/ Windows 11),16990000,0,19990000,ASUS
Laptop gaming ACER Nitro V ANV15-51-58AN (i5-13420H/RAM 8GB/GeForce RTX 2050/512GB SSD/ Windows 11),18990000,0,21490000,ACER
Laptop HP Probook 440 G11 - A74BHPT (Ultra 7-155U/RAM 16GB/Onboard/512GB SSD/ Windows 11),25690000,0,27690000,HP
Laptop HP 15-fd0306TU - A2NL7PA (i3-1315U/RAM 8GB/Onboard/256GB SSD/ Windows 11),11790000,0,12490000,HP
Laptop Asus Vivobook X1504VA-NJ070W (i5-1335U) (Xanh),16290000,0,18490000,ASUS
Laptop Dell Vostro 5630 - i5U165W11GRU (i5-1335U/RAM 16GB/Onboard/512GB SSD/ Windows 11 + Office),23690000,0,25690000,DELL
Laptop gaming ACER Nitro 5 AN515-58-5193 (i5-12450H/RAM 16GB/GeForce RTX 4050/512GB SSD/ Windows 11),26990000,0,28990000,ACER
Laptop HP EliteBook 640 G10 (873G4PA) (i5-1335U/RAM 16GB/Onboard/512GB SSD/ Windows 11),21490000,0,25590000,HP
Laptop Lenovo Legion Pro 5 16IRX9 - 83DF0047VN (i9-14900HX) (Xám),45990000,0,49990000,LENOVO
Laptop Dell Inspiron 5640 - N6I5419W1 (i5-1334U/RAM 16GB/Onboard/512GB SSD/ Windows 11 + Office),23490000,0,23690000,DELL
Laptop HP Pavilion X360 14-ek1049TU - 80R27PA (i5-1335U),21790000,0,24190000,HP
Laptop HP Pavilion 15-eg3093TU (8C5L4PA) (i5-1335U) (Vàng),18990000,0,21290000,HP
Laptop HP ProBook 440 G10 - 873B8PA (i7-1355U) (Bạc),23790000,0,26090000,HP
Laptop HP Pavilion 15-eg3111TU (8U6L8PA) (i5-1335U/RAM 16GB/Onboard/512GB SSD/ Windows 11),18990000,0,21290000,HP
Laptop ASUS Vivobook 16 X1605VA-MB105W (i5-1335U/RAM 8GB/Onboard/512GB SSD/ Windows 11),14190000,0,18190000,ASUS
Laptop ASUS Zenbook 14 OLED - UX3405MA-PP588W (Ultra 5-125H/RAM 16GB/Onboard/512GB SSD/ Windows 11),26690000,0,28990000,ASUS
Laptop MSI Prestige 13 AI Evo A1MG-062VN (Ultra 7 155H) (Xám),32990000,0,33990000,MSI
Laptop gaming Lenovo Legion 5 16IRX9 - 83DG0051VN (i7-14650HX/RAM 16GB/GeForce RTX 4060/1TB SSD/ Windows 11),40990000,0,45990000,LENOVO
Laptop Lenovo IdeaPad Slim 5 14IMH9 - 83DA006TVN (Ultra 5-125H/RAM 16GB/Onboard/1TB SSD/ Windows 11),23690000,0,0,LENOVO
Laptop gaming Lenovo LOQ 15ARP9 - 83JC003VVN (Ryzen 7 7435HS/RAM 12GB/GeForce RTX 4050/512GB SSD/ Windows 11),24990000,0,27490000,LENOVO
Laptop HP Envy x360 14-fc0088TU - A19BYPA (Ultra 7-155U/RAM 16GB/Onboard/1TB SSD/ Windows 11),32290000,33790000,34790000,HP
Laptop Lenovo IdeaPad 3 - 14ABA7-82RM003UVN (AMD Ryzen 7 5825U) (Xám),12990000,0,16390000,LENOVO
Laptop Dell Inspiron T7430 - N7430I58W1 (i5-1335U) (Bạc),23290000,0,25490000,DELL
Laptop gaming Lenovo Legion 5 16IRX9 - 83DG004XVN (i7-13650HX/RAM 16GB/GeForce RTX 4060/512GB SSD/ Windows 11),39990000,0,42990000,LENOVO
Laptop HP ProBook 440 G10 - 9H8U9PT (i7-1355U) (Bạc),23790000,0,26090000,HP
Laptop HP 15s 15-fd1058TU - 9Z2X6PA (Ultra 7-155H/RAM 16GB/Onboard/1TB SSD/ Windows 11),23890000,0,25490000,HP
"Apple MacBook Pro M3 14.2"" (16GB/512GB SSD)",44990000,0,0,APPLE
Laptop GIGABYTE G5 ME (i5-12500H/RAM 8GB/RTX 3050Ti/512GB SSD/ Windows 11),19690000,0,27090000,GIGABYTE
Laptop LG Gram 2023 14Z90R-G.AH53A5 (i5-1340P/RAM 16GB/256GB SSD),24490000,0,32490000,LG
Laptop gaming ACER Nitro 5 Tiger AN515-58-5935 (i5-12450H/RTX 4050/RAM 8GB/512GB SSD/ Windows 11),25790000,0,26990000,ACER
Laptop Dell Inspiron 14 5430 - i5P165W11SL2050 (i5-1340P/RAM 16GB/GeForce RTX 2050/512GB SSD/ Windows 11 + Office),27890000,0,29790000,DELL
MacBook Pro 14 inch M3 2023 (8GB/512GB SSD),38390000,0,40890000,APPLE
Laptop gaming Lenovo Legion Pro 5 16IRX9 - 83DF0046VN (i9-14900HX/RAM 32GB/GeForce RTX 4070/1TB SSD/ Windows 11),51990000,0,56990000,LENOVO
Laptop gaming Lenovo LOQ 15IAX9 - 83GS001RVN (i5-12450HX/RAM 12GB/GeForce RTX 3050/512GB SSD/ Windows 11),21490000,0,23990000,LENOVO
Laptop gaming ASUS TUF Gaming F15 FX507VI-LP088W (i7-13620H/RAM 16GB/GeForce RTX 4070/512GB SSD/ Windows 11),37490000,0,45990000,ASUS
Laptop HP ProBook 440 G9 (6M0X3PA) (i5-1235U),19290000,0,21490000,HP
Laptop ASUS Vivobook S 14 Flip TP3402VA-LZ118W (i9-13900H/RAM 16GB/Onboard/512GB SSD/ Windows 11),22890000,0,26490000,ASUS
Laptop Asus Zenbook 14 OLED UX3402VA-KM068W (i7-1360P) (Xanh),26890000,0,31990000,ASUS
Laptop LG Gram 14Z90RS-G.AH54A5 (i5-1340P) (Trắng),31090000,0,38990000,LG
Laptop MSI Modern 15 B7M-238VN (AMD Ryzen 7 7730U) (Đen),13990000,0,16990000,MSI
Laptop HP ProBook 450 G10 - 873J7PA (i5-1340P/RAM 16GB/Onboard/512GB SSD/ Windows 11),20990000,0,23590000,HP
MacBook Pro 14 inch M3 2023 (16GB/512GB SSD),44290000,0,44990000,APPLE
Laptop gaming ACER Nitro V ANV15-51-53NE (i5-13420H/RAM 16GB/GeForce RTX 2050/512GB SSD/ Windows 11),20490000,0,23990000,ACER
Laptop Lenovo Yoga 7 2-in-1 14IML9 - 83DJ001FVN (Ultra 7-155H/RAM 16GB/Onboard/512GB SSD/ Windows 11 + Office),30490000,0,30990000,LENOVO
Laptop gaming HP Victus 16-r0231TX - 9Q982PA (i5-13500H/RAM 32GB/GeForce RTX 3050/512GB SSD/ Windows 11),29390000,0,31690000,HP
Laptop ASUS Gaming Vivobook 16X K3605ZC-RP564W (i5-12500H/RAM 16GB/GeForce RTX 3050/512GB SSD/ Windows 11),19990000,0,24990000,ASUS
Laptop HP Envy X360 14-fc0091TU - A19C1PA (Ultra 5-125U/RAM 16GB/Onboard/1TB SSD/ Windows 11),29990000,0,31290000,HP
Laptop gaming HP Victus 16-e1106AX (7C0T1PA) (Ryzen 5 6600H/RAM 8GB/GeForce RTX 3050Ti/512GB SSD/ Windows 11),18990000,0,26490000,HP
Laptop HP Probook 450 G10 - 873D3PA (i7-1355U/RAM 16GB/Onboard/512GB SSD/ Windows 11),23790000,0,26990000,HP
MacBook Air M3 2024 13 inch (8GB/256GB SSD),27290000,0,27990000,APPLE
Laptop gaming ASUS TUF Gaming F15 FX507VU-LP197W (i7-13620H/RAM 32GB/GeForce RTX 4050/512GB SSD/ Windows 11),32990000,0,33990000,ASUS
Laptop Dell Inspiron 14 5440 - N5440-C5U165W11IBD2 (Core 5 120U) (Xanh),25890000,0,27190000,DELL
Laptop HP Envy x360 14-fa0049AU - A19BRPA (Ryzen 5 8640HS/RAM 16GB/Onboard/1TB SSD/ Windows 11),27790000,0,29990000,HP
Laptop HP 14-ep1007TU - 9Z2W1PA (Core 7 150U/RAM 16GB/Onboard/512GB SSD/ Windows 11),21990000,0,27990000,HP
Laptop HP ProBook 440 G10 - 873C1PA (i7-1360P/RAM 16GB/Onboard/512GB SSD/ Windows 11),24990000,0,27690000,HP
Laptop ACER Predator Helios Neo 14 PHN14-51-99Y8 (Ultra 9 185H/RAM 32GB/GeForce RTX 4060/1TB SSD/ Windows 11),49990000,0,0,ACER
Laptop HP Envy X360 14-fc0085TU - A19BVPA (Ultra 7-155U/RAM 32GB/Onboard/512GB SSD/ Windows 11),33790000,0,35290000,HP
Laptop ACER Nitro V 16 ProPanel ANV16-41-R7EN (Ryzen 7 8845HS/RAM 16GB/GeForce RTX 3050/512GB SSD/ Windows 11),26990000,0,28790000,ACER
Laptop gaming ASUS TUF Gaming A15 FA507NV-LP046W (Ryzen 7 7735HS/RAM 8GB/GeForce RTX 4060/512GB SSD/ Windows 11),27990000,0,31490000,ASUS
Laptop HP 15-fd0081TU (8D734PA) (i5-1335U/RAM 8GB/Onboard/512GB SSD/ Windows 11),15990000,0,18790000,HP
MacBook Air M2 2022 13 inch (16GB/256GB SSD),29790000,0,39190000,APPLE
MacBook Pro 14 inch M3 Pro 2023 (18GB/512GB SSD),49490000,49990000,51090000,APPLE
Laptop ASUS Zenbook DUO OLED UX8406MA-PZ142W (Ultra 9-185H/RAM 32GB/Onboard/1TB SSD/ Windows 11),58990000,0,59990000,ASUS
Laptop HP Envy x360 14-fa0045AU - A19BMPA (Ryzen 7 8840HS/RAM 32GB/Onboard/1TB SSD/ Windows 11),32590000,0,35090000,HP
Laptop gaming HP Victus 16-r0215TX - 9Q9B8PA (i7-13700H/RAM 32GB/GeForce RTX 3050/512GB SSD/ Windows 11),31190000,0,34190000,HP
Laptop gaming HP Victus 16-r0225TX - 9Q976PA (i7-13700H/RAM 32GB/GeForce RTX 4050/512GB SSD/ Windows 11),35390000,35490000,38690000,HP
Laptop HP Envy x360 14-fc0090TU - A19C0PA (Ultra 7-155U/RAM 16GB/Onboard/512GB SSD/ Windows 11),31090000,32590000,33490000,HP
Laptop HP 14-ep1011TU - 9Z2W3PA (Core 5 120U/RAM 16GB/512GB SSD/ Windows 11),19190000,0,20590000,HP
Laptop ASUS Gaming Vivobook 16X K3605ZU-RP296W (i5-12500H/RAM 16GB/GeForce RTX 4050/512GB SSD/ Windows 11),24990000,0,28490000,ASUS
Laptop gaming ACER Nitro V 15 ProPanel ANV15-41-R7AP (Ryzen 5 7535HS/RAM 16GB/GeForce RTX 2050/512GB SSD/ Windows 11),21490000,0,22990000,ACER
Laptop gaming ACER Nitro 5 AN515-58-50D2 (i5-12500H/RAM 16GB/GeForce RTX 3060/512GB SSD/ Windows 11),27490000,0,35990000,ACER
Laptop MSI Modern 15 B7M-231VN (AMD Ryzen 5 7530U) (Đen),12990000,0,14990000,MSI
Laptop MSI Modern 14 C13M - 609VN (i5-1335U) (Bạc),12990000,0,17990000,MSI
Laptop ACER Predator Helios Neo PHN16-71-54CD (NH.QLTSV.001) (i5-13500HX/RAM 8GB/GeForce RTX 4050/512GB SSD/ Windows 11),32990000,0,35990000,ACER
Laptop MSI Prestige 13 Evo A13M - 081VN ( i7-1360P) (Xám),26990000,0,33990000,MSI
Laptop Acer Swift Go SFG14-71-513F (NX.KPZSV.003) (i5-13500H) (Vàng),23490000,0,24590000,ACER
MacBook Air M2 2023 15 inch (16GB/256GB),34990000,35990000,39990000,APPLE
MacBook Pro 14 inch M3 Pro 2023 (18GB/1TB SSD),57890000,0,61290000,APPLE
Laptop MSI Sword 16 HX B14VFKG-045VN (i7-14700HX) (Xám),38090000,0,39990000,MSI
Laptop gaming HP Victus 16-s0140AX - 9Q987PA (Ryzen 7 7840HS/RAM 32GB/GeForce RTX 4050/512GB SSD/ Windows 11),32190000,0,35890000,HP
MacBook Air M3 2024 13 inch (16GB/256GB SSD/8C CPU/10C GPU),32390000,32690000,33190000,APPLE
Laptop HP Envy x360 14-fa0046AU - A19BNPA (Ryzen 7 8840HS/RAM 32GB/Onboard/512GB SSD/ Windows 11),31390000,0,33790000,HP
Laptop ASUS Vivobook S 15 (S5507) | Snapdragon X Elite; AI Copilot+ PC,33990000,0,34990000,ASUS
Laptop HP 15-fd1045TU - 9Z2X1PA (Core 5 120U/RAM 16GB/Onboard/512GB SSD/ Windows 11),18190000,0,19990000,HP
Laptop ASUS Gaming VivoBook K3605ZF-RP634W (i5-12500H/RAM 16GB/GeForce RTX 2050/512GB SSD/ Windows 11),18290000,0,20990000,ASUS
Laptop ACER Nitro V 16 ProPanel ANV16-41-R6ZY (Ryzen 5 8645HS/RAM 16GB/GeForce RTX 3050/512GB SSD/ Windows 11),25690000,0,27490000,ACER
Laptop Acer Swift 3 SF314-511-55QE (NX.ABNSV.003) (i5-1135G7) (Bạc),23790000,0,0,ACER
MacBook Air M2 2022 13 inch (8GB/512GB SSD),27990000,28990000,39900000,APPLE
Laptop HP Pavilion 15-eg2089TU (7C0R1PA) (i7-1260P/RAM 8GB/Onboard/512GB SSD/ Windows 11),20190000,0,23990000,HP
Laptop MSI Modern 15 B13M-438VN (i5-1335U) (Đen),13990000,0,18490000,MSI
Laptop Dell Vostro 5630 (V5630-i5P085W11GRU) (i5-1340P) (Xám),21590000,0,23190000,DELL
Laptop GIGABYTE G5 MF-F2VN333SH (i5-12450H/RAM 8GB/GeForce RTX 4050/512GB SSD/ Windows 11),21590000,0,25290000,GIGABYTE
Laptop HP ProBook 440 G10 - 873A2PA (i3-1315U) (Bạc),14690000,0,16990000,HP
Laptop HP Pavilion 15-eg3112TU (8U6L9PA) (i7-1355U/RAM 16GB/Onboard/512GB SSD/ Windows 11),22790000,0,25290000,HP
Laptop ASUS Vivobook 15X1504ZA-NJ582W (i3-1215U/RAM 8GB/Onboard/512GB SSD/ Windows 11),11490000,0,11790000,ASUS
Laptop HP Pavilion 15-eg3091TU - 8C5L2PA (i7-1355U/RAM 16GB/Onboard/512GB SSD/ Windows 11),22790000,0,25290000,HP
Laptop Acer Swift Go SFG14-71-74CP (NX.KPZSV.004) (i7-13700H) (Vàng),27390000,0,28690000,ACER
Laptop Dell Vostro 3530 - V5I3465W1 (i3-1305U) (Xám),13190000,0,14690000,DELL
MacBook Air M2 2023 15 inch (16GB/512GB),39990000,0,45290000,APPLE
Laptop gaming HP Victus 16-r0228TX - 9Q979PA (i5-13500H/RAM 32GB/GeForce RTX 4050/512GB SSD/ Windows 11),29490000,0,33290000,HP
Laptop gaming HP Victus 16-r0229TX - 9Q980PA (i5-13500H/RAM 32GB/GeForce RTX 4050/512GB SSD/ Windows 11),30990000,0,33290000,HP
MacBook Air M3 13 inch (16GB/512GB SSD),37390000,0,37990000,APPLE
Máy tính xách tay/ Laptop Dell XPS 9340 - XPSU5002W1 (Ultra 5-125H) (Bạc),57090000,0,59990000,DELL
Laptop ASUS Zenbook S 13 OLED UX5304MA-NQ117W (Ultra 7-155U/RAM 32GB/Onboard/1TB SSD/ Windows 11),41490000,0,44990000,ASUS
Laptop HP 15-fd1037TU - 9Z2W5PA (Core 7 150U/RAM 16GB/Onboard/1TB SSD/ Windows 11),22990000,0,24490000,HP
Laptop HP Envy X360 14-fa0047AU - A19BPPA (Ryzen 7 8840HS/RAM 16GB/Onboard/1TB SSD/ Windows 11),30290000,0,31690000,HP
"Apple MacBook Air M2 13.6"" (16GB/256GB SSD)",32690000,0,0,APPLE
Laptop LG Gram 16Z90S-G.AH76A5 (Ultra 7-155H/RAM 16GB/Onboard/512GB SSD/ Windows 11),45490000,0,0,LG
Laptop gaming ACER Nitro 5 Eagle AN515-57-54MV (i5-11400H/RAM 8GB/RTX 3050/512GB SSD/ Windows 11),25990000,0,0,ACER
Laptop Asus VivoBook Pro M3401QA-KM006W (AMD Ryzen 5 5600H) (Bạc),15990000,0,18990000,ASUS
Laptop ASUS Vivobook Pro M3401QA-KM025W (Ryzen 7 5800H/RAM 8GB/Onboard/512GB SSD/ Windows 11),16190000,0,20990000,ASUS
Laptop ASUS Vivobook 14X OLED A1403ZA-KM161W A1403ZA-KM161W (14 inch 90Hz/Intel Core i5-12500H/8GB/256GB SSD/Windows 11 Home/1.6kg),19190000,0,20490000,ASUS
Laptop Lenovo IdeaPad 3 15IAU7 - 82RK001QVN (i5-1235U) (Xanh),16790000,0,17990000,LENOVO
Laptop HP Envy X360 13-bf0090TU (76B13PA) (i7-1250U) (Xanh),25090000,0,29690000,HP
Laptop Dell Inspiron 15 3520 (3520-71003262) (i7-1255U) (Đen),19690000,0,22390000,DELL
Laptop ACER Swift Edge SFA16-41-R3L6 (NX.KABSV.002) (Ryzen 7 6800U/RAM 16GB/Onboard/1TB SSD/ Windows 11),38190000,0,39990000,ACER
Laptop MSI Modern 14 C13M-458VN (i5-1335U/RAM 8GB/Onboard/512GB SSD/ Windows 11),13990000,0,17990000,MSI
Laptop GIGABYTE G5 GE-51VN263SH (i5-12500H/RAM 8GB/GeForce RTX 3050/512GB SSD/ Windows 10),19290000,0,25590000,GIGABYTE
Laptop LG Gram 2023 14Z90R-G.AH75A5 (i7-1360P/RAM 16GB/512GB SSD),38990000,0,0,LG
Laptop LG Gram 2023 16Z90RS-G.AH54A5 (i5-1340P/RAM 16GB/512GB SSD/ Windows 11),37990000,0,43990000,LG
Laptop Gigabyte AORUS 15 9MF-E2VN583SH (i5-12500H) (Đen),28690000,0,37990000,GIGABYTE
Laptop MSI Modern 14 C13M - 611VN (i5-1335U) (Bạc),15990000,0,18490000,MSI
Laptop gaming MSI Stealth 16 Mercedes-AMG Motorsport A13VG (i9-13900H/RAM 32GB/GeForce RTX 4070/2TB SSD/ Windows 11),72990000,0,80990000,MSI
Laptop GIGABYTE G5 KF-E3PH333SH (i5-12500H/RAM 8GB/GeForce RTX 4060/512GB SSD/ Windows 11),24690000,0,28990000,GIGABYTE
MacBook Pro 16 inch M3 Pro 2023 (18GB/512GB SSD),62990000,0,66390000,APPLE
MacBook Pro 14 inch M3 Max 2023 (36GB/1TB SSD),78990000,0,81690000,APPLE
MacBook Air M3 2024 15 inch (8GB/256GB SSD),31490000,0,32990000,APPLE
Laptop Lenovo Yoga Pro 7 14IMH9 - 83E2005DVN (Ultra 7-155H/RAM 32GB/GeForce RTX 4050/1TB SSD/ Windows 11),47290000,0,0,LENOVO
Laptop MSI Pulse 16 AI C1VGKG-061VN (Ultra 9-185H/RAM 32GB/GeForce RTX 4070/1TB SSD/ Windows 11),52990000,0,0,MSI
Laptop gaming HP Victus 16-s0136AX - 9Q984PA (Ryzen 5 7640HS/RAM 32GB/GeForce RTX 3050/512GB SSD/ Windows 11),26390000,0,33790000,HP
Laptop HP Spectre x360 14-eu0051TU - A2NL3PA (Ultra 7-155H/RAM 16GB/1TB SSD/ Windows 11),51590000,0,54990000,HP
Laptop HP Pavilion X360 14-ek2013TU - 9Z2V4PA (Core 7 150U/RAM 16GB/Onboard/512GB SSD/ Windows 11),26790000,0,31290000,HP
Laptop gaming HP Victus 16-r0216TX - 9Q973PA (i5-13500H/RAM 32GB/GeForce RTX 3050/512GB SSD/ Windows 11),29390000,0,31290000,HP
Laptop ACER Predator Helios Neo 14 PHN14-51-96HG (Ultra 9-185H/RAM 32GB/GeForce RTX 4070/1TB SSD/ Windows 11),59990000,0,0,ACER
Laptop Dell XPS13 9340 - HXRGT (Ultra 7-155H/RAM 16GB/Onboard/1TB SSD/ Windows 11 + Office),60990000,0,0,DELL
"Apple MacBook Pro M3 14.2"" (36GB/1TB SSD)",73990000,0,0,APPLE
"Apple MacBook Air M2 13.6"" (16GB/256GB SSD)",32690000,0,0,APPLE
"Apple MacBook Air Apple M2 13.6"" (16GB/256GB SSD)",32690000,0,0,APPLE
Laptop LG Gram 14Z90S-G.AH75A5 (Ultra 7-155H/RAM 16GB/Onboard/512GB SSD/ Windows 11),41390000,0,0,LG
Laptop LG Gram 15Z90ST-G.AH75A5 (Ultra 7-155H/RAM 16GB/Onboard/512GB SSD/ Windows 11),46500000,0,0,LG
Laptop LG Gram 14Z90S-G.AH55A5 (Ultra 5-125H/RAM 16GB/Onboard/512GB SSD/ Windows 11),36290000,0,0,LG
Laptop ACER Nitro V 16 ProPanel ANV16-41-R36Y (Ryzen 7 8845HS/RAM 16GB/GeForce RTX 4050/512GB SSD/ Windows 11),29990000,0,31990000,ACER
Laptop ACER Swift Go AI OLED SFG14-73-57FZ (Ultra 5-155H/RAM 16GB/Onboard/512GB SSD/ Windows 11),24490000,0,0,ACER
Laptop ACER Swift Go AI OLED SFG14-73-75YM (Ultra 7-155H/RAM 16GB/Onboard/512GB SSD/ Windows 11),27490000,0,0,ACER
Laptop ASUS TUF Gaming A15 FA507NUR-LP101W (Ryzen 7 7435HS/RAM 16GB/GeForce RTX 4050/512GB SSD/ Windows 11),30490000,0,0,ASUS
Laptop ASUS TUF Gaming A15 FA507NVR-LP091W (Ryzen 7 7435HS/RAM 16GB/GeForce RTX 4060/512GB SSD/ Windows 11 Home),32490000,0,0,ASUS
Laptop ASUS TUF Gaming F15 FX507VU-LP315W (i7-13620H/RAM 16GB/GeForce RTX 4050/512GB SSD/ Windows 11),34490000,0,0,ASUS
Laptop ASUS ROG Zephyrus G16 GA605WI-QR090WS (Ryzen AI 9 HX 370/RAM 32GB/GeForce RTX 4070/1TB SSD/ Windows 11 + Office),81990000,0,0,ASUS
Laptop ASUS Vivobook S 14 M5406WA-PP071WS (Ryzen AI 9 HX 370/RAM 32GB/Onboard/1TB SSD/ Windows 11),33990000,0,0,ASUS
Laptop Dell Inspiron 3530 - N3530I716W1 (i7-1355U) (Bạc),23390000,0,26990000,DELL
Laptop ASUS VivoBook 14 OLED M1405YA-KM047W (Ryzen 5 7530U/RAM 8GB/Onboard/512GB SSD/ Windows 11),13690000,0,17990000,ASUS
Laptop Dell Inspiron 15 3530 - P16WD (i7-1355U),21890000,0,22990000,DELL
Laptop Lenovo Ideapad Slim 5 16IMH9 - 83DC001SVN (Core Ultra 7-155H) (Xám),25490000,0,27690000,LENOVO
Laptop HP ProBook 450 G10 - 9H8W0PT (i7-1360P) (Bạc),25790000,0,27690000,HP
Laptop Yoga Slim 7 14IMH9 - 83CV001UVN (Ultra 7 155H) (Xám),30490000,0,30990000,LENOVO
Laptop Lenovo IdeaPad 3 14IAU7-82RJ000HVN (i3-1215U) (Xám),8990000,0,9890000,LENOVO
Laptop gaming ASUS Tuf Gaming A15 FA507NV-LP061W (Ryzen 7 7735HS/RAM 16GB/GeForce RTX 4060/1TB SSD/ Windows 11),28990000,0,32490000,ASUS
Máy tính xách tay/ Laptop Lenovo IdeaPad Slim 5 14IMH9 - 83DA001NVN (Ultra 5-125H) (Xám),20990000,0,22690000,LENOVO
Laptop HP Elitebook 630 G10 - 9J0B5PT (i5-1335U/RAM 16GB/Onboard/512GB SSD/ Windows 11),21490000,0,24390000,HP
Laptop gaming ASUS TUF Gaming FA507RR-HN835W (Ryzen 7 6800H/RAM 16GB/GeForce RTX 3070/512GB SSD/ Windows 11),27990000,0,42990000,ASUS
Laptop Dell Gaming G15-5530-i7H165W11GR4060 (i7-13650HX/RAM 16GB/GeForce RTX 4060/512GB SSD/ Windows 11 + Office),38590000,0,42990000,DELL
Laptop Lenovo Yoga 9 2in1-14IMH9 - 83AC000SVN (Ultra 7-155H/RAM 16GB/Onboard/1TB SSD/ Windows 11 + Office),43990000,0,47990000,LENOVO
Laptop ASUS Gaming ROG G614JU-N3135W (i5-13450HX/RAM 8GB/GeForce RTX 4050/512GB SSD/ Windows 11),29990000,0,37990000,ASUS
Laptop Dell Vostro 3530 - i7U085W11GRD2 (i7-1355U/RAM 8GB/Onboard/512GB SSD/ Windows 11 + Office),21990000,0,24490000,DELL
Laptop ASUS Vivobook 14X OLED K3405ZF-KM184W (i5-12500H/RAM 16GB/GeForce RTX 2050/512GB SSD/ Windows 11),19690000,0,25990000,ASUS
Laptop gaming ASUS Tuf Gaming F15 FX507VU-LP198W (i7-13620H/RAM 8GB/GeForce RTX 4050/512GB SSD/ Windows 11),27490000,0,30990000,ASUS
Laptop MSI Modern 15 B12M-220VN (i5-1235U) (Đen),10999000,0,18490000,MSI
Laptop Asus Zenbook 14 Flip OLED UP3404VA-KN039W (i7-1360P) (Xanh),28990000,0,33990000,ASUS
MacBook Pro 16 inch M3 Max 2023 (36GB/1TB SSD),87990000,0,91890000,APPLE
Laptop Lenovo IdeaPad Slim 5 14IRL8 - 82XD007QVN (i7-13620H/RAM 16GB/Onboard/512GB SSD/ Windows 11),20990000,0,22990000,LENOVO
Laptop gaming ACER Nitro V ANV15-51-55CA (i5-13420H/RAM 16GB/GeForce RTX 4050/512GB SSD/ Windows 11),25990000,0,27990000,ACER
Laptop gaming ACER Nitro V ANV15-51-72VS (i7-13620H/RAM 16GB/GeForce RTX 2050/512GB SSD/ Windows 11),24490000,0,25990000,ACER
Laptop ACER Swift X 14 - SFX14-71G-78SY (i7-13700H/RAM 32GB/GeForce RTX 4050/1TB SSD/ Windows 11),41090000,0,42990000,ACER
Laptop gaming Lenovo LOQ 15IAX9 - 83GS000FVN (i5-12450HX/RAM 8GB/GeForce RTX 2050/512GB SSD/ Windows 11),17990000,0,20490000,LENOVO
Laptop HP 15s 15-fd1060TU - 9Z2X8PA (Ultra 7-155H/RAM 16GB/Onboard/512GB SSD/ Windows 11),22990000,0,24490000,HP
Laptop ACER Aspire 7 A715-42G-R05G (Ryzen 5 5500U/RAM 8GB/GTX 1650/512GB SSD/ Windows 11),14990000,0,20490000,ACER
Laptop ASUS Vivobook 14X OLED A1403ZA-KM067W (14 inch 90Hz/Intel Core i5-12500H/8GB/256GB SSD/Windows 11 Home/1.6kg),20190000,0,20490000,ASUS
Laptop HP Pavilion 14-dv2073TU (7C0P2PA) (i5-1235U) (Vàng),17190000,0,20990000,HP
Laptop HP Envy x360 13-bf0114TU (7C0P0PA) (i5-1230U) (Bạc),22490000,0,28790000,HP
Laptop ACER Swift Edge SFA16-41-R9WB (NX.KD7SV.001) (Ryzen 7 PRO 6850U/RAM 32GB/Onboard/1TB SSD/ Windows 11 Pro),45990000,0,0,ACER
Laptop ASUS ROG Gaming G614JU-N3777W (i7-13650HX/RAM 16GB/512GB SSD/ Windows 11),34990000,0,43990000,ASUS
Laptop ASUS Zenbook 14 OLED UX3402VA-KM085W (i5-1340P/RAM 16GB/512GB SSD/ Windows 11),26990000,0,27990000,ASUS
Laptop Asus Zenbook 14 Flip OLED UP3404VA-KN038W (i5-1340P) (Xanh),24990000,0,29990000,ASUS
Laptop LG Gram 2023 15Z90RT-G.AH55A5 (i5-1340P/RAM 16GB/512GB SSD/ Windows 11),40890000,0,42990000,LG
Laptop Dell Vostro 16 5630 (THT7N) (i7-1360P) (Xám),27790000,0,31990000,DELL
Laptop Asus Vivobook Pro 15 OLED K6502VU-MA089W (i5-13500H) (Bạc),36690000,0,36990000,ASUS
Laptop MSI GF63 12UCX-841VN (i5-12450H) (Đen),17990000,0,0,MSI
MacBook Air M2 2022 13 inch (16GB/512GB SSD/8C CPU/8C GPU),33990000,41790000,41790000,APPLE
MacBook Air M2 2023 15 inch (8GB/256GB),27290000,35490000,34790000,APPLE
MacBook Air M2 2023 15 inch (8GB/512GB),33990000,40890000,39990000,APPLE
MacBook Pro 16 inch M3 Pro 2023 (64GB/1TB SSD),107490000,0,0,APPLE
Laptop ACER Aspire 3 A314-42P-R3B3 (Ryzen 7 5700U/RAM 16GB/Onboard/512GB SSD/ Windows 11),11990000,0,13990000,ACER
Laptop ACER Aspire 5 A515-58M-79R7 (i7-13620H/RAM 16GB/Onboard/512GB SSD/ Windows 11),20990000,0,0,ACER
Laptop gaming Lenovo Legion Pro 7 16IRX9H - 83DE001MVN (i9-14900HX/RAM 32GB/GeForce RTX 4090/1TB SSD/ Windows 11),97990000,0,106990000,LENOVO
Laptop Lenovo Yoga Book 9 13IMU9 - 83FF001SVN (Ultra 7 155U) (TIDAL TEAL),61490000,0,66990000,LENOVO
MacBook Air M3 2024 13 inch (8GB/512GB SSD),32290000,0,32990000,APPLE
Laptop Asus Zenbook DUO OLED UX8406MA-PZ307W (U7-155H) (Xám),45990000,0,49990000,ASUS
Laptop Lenovo Ideapad Slim 5 14IMH9 - 83DA001YVN (Core Ultra 7-155H) (Xám),25490000,0,27690000,LENOVO
Laptop gaming Acer Nitro V ANV15-51-53DM (i5-13420H),22990000,0,23990000,ACER
Laptop Asus ROG Zephyrus G14 GA403UV-QS170W (AMD Ryzen 9 8945HS) (Trắng),54990000,0,58990000,ASUS
Laptop ASUS Vivobook S 14 OLED S5406MA-PP136W (Ultra 5-125H/RAM 16GB/1TB SSD/ Windows 11),24390000,0,26990000,ASUS
Laptop Dell Inspiron 14 5440 - 7FN5J (Core 7 150U/RAM 16GB/Onboard/1TB SSD/ Windows 11 + Office),26890000,0,0,DELL
"Apple MacBook Pro M3 Max 16"" (128GB/8TB SSD)",189990000,0,0,APPLE
Laptop Lenovo Legion 9 16IRX9 - 83G0001AVN (i9-14900HX/RAM 64GB/GeForce RTX 4090/2TB SSD/ Windows 11),141990000,0,0,LENOVO
"Apple MacBook Air 2019 Core i5 13.3"" (8GB/256GB SSD)",31590000,0,36990000,APPLE
Laptop ACER Swift 5 SF514-55T-51NZ NX.HX9SV.002 ( 14 inch Full HD/Intel Core i5-1135G7/8GB/512GB SSD/Windows 10 Home 64-bit/1kg),24790000,0,26990000,ACER
Laptop Dell Vostro 14 3405 (3405-V4R53500U003W) (AMD Ryzen 5 3500U) (Đen),17390000,0,18490000,DELL
MacBook Air M1 2020 13 inch (8GB/512GB SSD),29990000,0,34990000,APPLE
Laptop ACER Aspire 7 A715-42G-R4ST (NH.QAYSV.004) (Ryzen 5 5500U/RAM 8GB/GeForce GTX 1650/256GB SSD/ Windows 10),19090000,0,20490000,ACER
Laptop ACER Swift X SFX14-41G-R61A (NX.AU3SV.001) (Ryzen 5 5600U/RAM 16GB/GeForce RTX 3050Ti/1TB SSD/ Windows 10),28690000,0,29990000,ACER
Laptop gaming ACER Nitro 5 AN515-57-71VV (i7-11800H/RAM 8GB/RTX 3050/512GB SSD/ Windows 11),26290000,0,27490000,ACER
Laptop HP Elitebook 840 G8 (19X36AV_43834497) RAM 16GB/Onboard/512GB SSD/,36175000,0,0,HP
Laptop ACER Swift X SFX16-51G-516Q (NX.AYKSV.002) (i5-11320H/RAM 16GB/GeForce RTX 3050/512GB SSD/ Windows 11),19990000,0,29990000,ACER
Laptop Dell Inspiron 15 3515 (G6GR71) (AMD Ryzen 3 3250U) (Đen),12990000,0,0,DELL
Laptop Dell Inspiron 14 5415 (TX4H61) (AMD Ryzen 7 5700U) (Bạc),22390000,0,0,DELL
Laptop Dell Vostro 15 3510 (7T2YC2) (i5-1135G7) (Đen),18490000,0,0,DELL
Laptop HP Envy X360 13-ay1056AU (601Q8PA) (Ryzen 7 5800U/RAM 8GB/Onboard/256GB SSD/ Windows 11),30290000,0,0,HP
Laptop ASUS B1400CEAE-EB3182W (i5-1135G7/RAM 8GB/Onboard/512GB SSD/ Windows 11),18190000,0,19490000,ASUS
Laptop HP 15s-du3593TU (63P89PA) (i5-1135G7) (Bạc),15990000,0,0,HP
Laptop HP 15s-du3592TU (63P88PA) (i5-1135G7) (Bạc),16990000,0,0,HP
Laptop HP 15s-du3590TU (63P86PA) (i7-1165G7) (Bạc),19690000,0,0,HP
Laptop HP Envy x360 13-bd0531TU (4Y1D1PA) (i5-1135G7/RAM 8GB/Onboard/256GB SSD/ Windows 11),24990000,0,0,HP
Laptop HP Pavilion 14-dv0516TU (46L88PA) (i3-1125G4) (Vàng),14590000,0,0,HP
Laptop HP Pavilion 14-dv1031TU (5Z9U0PA) (i5-1155G7) (Bạc),18990000,0,0,HP
Laptop ACER Aspire 7 A715-75G-58U4 (i5-10300H/RAM 8GB/GTX 1650/512GB SSD/ Windows 11),19390000,0,20490000,ACER
Laptop Asus S533EQ-BQ429W (i7-1165G7) (Đen),24590000,0,25990000,ASUS
Laptop ASUS S533EA-BN462W (i5-1135G7/RAM 8GB/Onboard/512GB SSD/ Windows 11),17690000,0,18490000,ASUS
Laptop Asus UX482EA-KA397W (i5-1135G7) (Xanh),31490000,0,32990000,ASUS
Laptop HP ProBook 450 G8 (614K3PA) (i5-1135G7) (Bạc),20990000,0,0,HP
Laptop Lenovo Yoga Slim 7 Carbon 14ACN6-82L0005BVN,25990000,0,37990000,LENOVO
Laptop Asus Vivobook Pro M3500QC-L1388W (AMD Ryzen 5 5600H) (Bạc),25490000,0,26990000,ASUS
Laptop ACER Predator Triton 300 PT315-53-7440 (NH.QDRSV.003) (i7-11800H/RAM 8GB/GeForce RTX 3050Ti/512GB SSD/ Windows 11),36990000,0,0,ACER
Laptop Asus ROG Strix G15 G513RC-HN038W (AMD Ryzen 7 6800HS),24990000,0,26990000,ASUS
Laptop gaming ASUS TUF Gaming FX507ZC-HN124W (i7-12700H/RAM 8GB/RTX 3050/512GB SSD/ Windows 11),32490000,0,0,ASUS
Laptop ASUS TUF Gaming FX506HC-HN144W (i5-11400H/RAM 8GB/RTX 3050/512GB SSD/ Windows 11),21990000,0,0,ASUS
Laptop MSI Crosshair 15 B12UEZ-460VN (i7-12700H/RAM 16GB/GeForce RTX 3060/1TB SSD/ Windows 11),34990000,0,0,MSI
Laptop HP Pavilion Aero 13-be0229AU (64U91PA) (AMD Ryzen 7 5800U) (Bạc),23590000,0,25490000,HP
Laptop MICROSOFT,8990000,0,0,MICROSOFT
Laptop MICROSOFT Surface Pro 8 (i5-1135G7/RAM 8GB/Onboard/128GB SSD/ Windows 11),22990000,0,0,MICROSOFT
Laptop Asus Vivobook D515DA-EJ1364W (AMD Ryzen 3 3250U) (Bạc),10690000,0,10990000,ASUS
Laptop Dell Inspiron 15 3511 (P112F001EBL) (i3-1115G4) (Đen),13490000,0,0,DELL
Laptop Acer Predator Triton 500 SE PT516-52s-75E3 (NH.QFQSV.001) (i7-12700H) (Xám),66790000,0,69990000,ACER
"Laptop MICROSOFT Surface Pro 8 13"" (i5-1145G7/RAM 8GB/Onboard/256GB SSD/ Windows 11 Pro)",42990000,0,0,MICROSOFT
Laptop MICROSOFT Surface Pro 8 (i7-1185G7/RAM 16GB/Onboard/256GB SSD/ Windows 11 Pro),48990000,0,0,MICROSOFT
Laptop Acer Predator Helios 300 PH315-55-76KG (NH.QGPSV.001) (i7-12700H) (Đen),48490000,0,0,ACER
Laptop Lenovo V15 G2 ITL-82KB00QMVN (i3-1115G4/RAM 8GB/Onboard/256GB SSD/ Windows 11),12990000,0,0,LENOVO
Laptop Lenovo ThinkBook 13s G3 ACN-20YA0039VN (Ryzen 7 5800U/RAM 8GB/Onboard/512GB SSD/ Windows 11),23790000,0,25490000,LENOVO
Laptop HP 14s-fq1065AU (4K0Z5PA) (AMD Ryzen 5 5500U) (Bạc),17890000,0,0,HP
Laptop Lenovo Yoga 7 14ACN6-82N7008XVN (AMD Ryzen 7 5800U) (Xám),26590000,0,28490000,LENOVO
Laptop ASUS ExpertBook B1500CEAE-BQ2234W (i5-1135G7/RAM 8GB/Onboard/512GB SSD/ Windows 11),17890000,0,18990000,ASUS
Laptop ASUS ExpertBook B1500CEPE-EJ0823W (i5-1135G7/RAM 8GB/GeForce MX330/512GB SSD/ Windows 11),19090000,0,19990000,ASUS
Laptop ASUS ExpertBook B3402FEA-EC0960W (i5-1135G7/RAM 8GB/Onboard/512GB SSD/ Windows 11),19890000,0,20790000,ASUS
Laptop Dell Vostro 15 3510 (7T2YC5) (i5-1135G7) (Đen),17390000,0,0,DELL
Laptop HP Elite Dragonfly G2 (25W59AV) (i7-1165G7) (Xanh),49990000,0,0,HP
Laptop Acer Predator Helios 300 PH315-55-751D (NH.QFTSV.002) (i7-12700H) (Đen),57290000,0,59990000,ACER
Laptop gaming ACER Nitro 5 AN515-57-71H1 (i7-11800H/RAM 16GB/GeForce RTX 3060/512GB SSD/ Windows 10),34390000,0,35990000,ACER
Laptop MICROSOFT Surface Pro 8 (i5-1135G7/RAM 16GB/Onboard/256GB SSD/ Windows 11),59990000,0,0,MICROSOFT
Laptop GIGABYTE AORUS 17 XE4-73VN514GH (i7-12700H/RAM 16GB/GeForce RTX 3070Ti/1TB SSD/ Windows 11),45390000,0,53990000,GIGABYTE
Laptop Asus Vivobook X515MA-BR481W (N4020) (Bạc),8090000,0,8290000,ASUS
Laptop Asus Vivobook X515EP-EJ448W (i7-1165G7) (Bạc),18190000,0,18490000,ASUS
Laptop ASUS ROG Zephyrus G15 GA503RM-LN006W (Ryzen 7 6800HS/RAM 16GB/GeForce RTX 3060/512GB SSD/ Windows 11),48690000,0,50990000,ASUS
Laptop ASUS ROG Strix G17 G713RM-LL016W (Ryzen 7 6800H/RAM 16GB/GeForce RTX 3060/512GB SSD/ Windows 11),46990000,0,49990000,ASUS
Laptop ASUS ROG Strix G17 G713RW-LL157W (Ryzen 7 6800H/RAM 16GB/GeForce RTX 3070Ti/1TB SSD/ Windows 11),59990000,0,0,ASUS
Laptop Lenovo Yoga 7 14ACN6-82N7002MVN (AMD Ryzen 5 5600U) (Xám),22990000,0,24990000,LENOVO
Laptop HP 15s-fq5079TU (6K799PA) (i5-1235U) (Bạc),17890000,0,0,HP
Laptop HP 15s-fq5104TU (6K7E4PA) (i7-1255U) (Bạc),19890000,0,0,HP
Laptop HP Pavilion 14-dv2033TU (6K769PA) (i5-1235U) (Vàng),18990000,0,0,HP
Laptop HP Pavilion 15-eg2057TU (6K787PA) (i5 1240P) (Bạc),18190000,0,18990000,HP
Laptop HP Pavilion 15-eg2055TU (6K785PA) (i7 1260P) (Vàng),21990000,0,22990000,HP
Laptop HP Pavilion 15-eg2056TU (6K786PA) (i5 1240P) (Vàng),18190000,0,18990000,HP
Laptop HP Pavilion 15-eg2063TU (6K791PA) (i3-1215U) (Bạc),14990000,0,0,HP
Laptop HP Pavilion X360 14-ek0059TU (6K7E1PA) (i3 1215U) (Xanh),15090000,0,16590000,HP
Laptop HP Pavilion X360 14-ek0057TU (6K7E0PA) (i5 1235U) (Bạc),20090000,0,20990000,HP
MacBook Pro M2 2022 13 inch (8GB/256GB SSD),29590000,0,33900000,APPLE
MacBook Pro M2 2022 13 inch (8GB/512GB SSD),33490000,33690000,39300000,APPLE
Laptop Asus Zenbook 14 OLED UX3402Z UX3402ZA-KM218W (14inch 90Hz/Intel Core i5-1240P/8GB/512GB SSD/Windows 11 Home/1.4kg),25490000,0,0,ASUS
Laptop HP ProBook 440 G9 (6M0Q8PA) (i3-1215U),16590000,0,0,HP
Laptop HP ProBook 450 G9 (6M107PA) (i7-1260P),26490000,0,27690000,HP
Laptop ACER Aspire 7 A715-43G-R8GA (Ryzen 5 5625U/RAM 8GB/RTX 3050/512GB SSD/ Windows 11),21990000,0,0,ACER
Laptop MSI Delta 15 A5EFK-094VN (AMD Ryzen 9-5900HX) (Xám),50990000,0,0,MSI
Laptop MSI Delta 15 A5EFK-095VN (AMD Ryzen 7-5800H) (Xám),45990000,0,0,MSI
Laptop HP 14s-dq5054TU (6R9M7PA) (i5-1235U) (Bạc),16690000,0,0,HP
Laptop HP 14s-dq5053TU (6R9M6PA) (i5-1235U) (Bạc),17690000,0,0,HP
Laptop HP 14s-dq5052TU (6T6R2PA) ( i7-1260P) (Bạc),19890000,0,0,HP
Laptop HP ProBook 450 G9 (6M0Z5PA) (i5-1240P ) (Bạc),21590000,0,22290000,HP
Laptop Asus UX5401Z UX5401ZAS-KN095W (i5-12500H) (XÁM),31690000,0,31990000,ASUS
Laptop HP Pavilion X360 14-ek0056TU (6L294PA) (i5-1235U/RAM 8GB/Onboard/512GB SSD/ Windows 11),21190000,0,0,HP
Laptop gaming ACER Nitro 5 AN515-46-R5Z2 (Ryzen 7 6800H/RAM 8GB/GeForce RTX 3050Ti/512GB SSD/ Windows 11),32990000,0,0,ACER
Laptop gaming ACER Nitro 5 AN515-46-R6QR (Ryzen 7 6800H/RAM 16GB/GeForce RTX 3060/512GB SSD/ Windows 11),40990000,0,0,ACER
MacBook Pro M2 2022 13 inch (16GB/256GB SSD),36390000,0,41449000,APPLE
Laptop Lenovo IdeaPad 3 15IML05 81WB01DXVN (15.6 Inch Full HD/Intel Core i3-10110U/8GB/256GB SSD/Windows 11 Home/1.7kg),11990000,0,0,LENOVO
Laptop gaming ASUS FX507ZE-HN093W (i7-12700H/RAM 8GB/GeForce RTX 3050Ti/512GB SSD/ Windows 11),28990000,0,0,ASUS
Laptop HP Elitebook 630 G9 (6M146PA) (i7-1255U/RAM 16GB/Onboard/512GB SSD/ Windows 11),27790000,0,0,HP
Laptop HP Probook 450 G9 (6M0Y9PA) (i5-1235U) (Bạc),21290000,0,21790000,HP
Laptop ASUS ROG Zephyrus GA503RS-LN778W (Ryzen 7 6800HS/RAM 32GB/GeForce RTX 3080/1TB SSD/ Windows 11),72490000,0,75990000,ASUS
Laptop ASUS ROG Flow GZ301ZE-LD6688W (i9-12900H/RAM 16GB/GeForce RTX 3050Ti/1TB SSD/ Windows 11),57290000,0,59990000,ASUS
Laptop ASUS ROG Strix SCAR G733CX-LL6789W (i9-12950HX/RAM 32GB/GeForce RTX 3080Ti/2TB SSD/ Windows 11),110990000,0,0,ASUS
Laptop Lenovo Ideapad 5 Pro - 14IAP7 -82SH002TVN (i5-1240P) (Xám),24290000,0,25990000,LENOVO
Laptop Lenovo Ideapad Gaming 3 - 15IAH7 -82S9006YVN (i5-12500H) (Xám),25990000,0,0,LENOVO
Laptop Lenovo Ideapad Gaming 3 - 15ARH7 -82SB007KVN (AMD Ryzen 7-6800H) (Trắng),26590000,0,28490000,LENOVO
Laptop HP EliteBook 640 G9 (6M154PA) (i5-1235U/RAM 8GB/Onboard/512GB SSD/ Windows 11),20090000,0,22090000,HP
Laptop HP Envy 16-h0034TX (6K7G0PA) (i7-12700H/RAM 16GB/GeForce RTX 3060/512GB SSD/ Windows 11),48990000,0,0,HP
Laptop HP X360 830 G9 (6Z963PA) (i7-1255U/RAM 8GB/Onboard/512GB SSD/ Windows 11 Pro),40990000,0,0,HP
Laptop HP 1040 G9 (6Z984PA) (i7-1255U/RAM 16GB/Onboard/512GB SSD/ Windows 11 Pro),43590000,0,0,HP
MacBook Pro M2 2022 13 inch (16GB/512GB SSD),40190000,44290000,44462000,APPLE
Laptop ASUS Gaming ROG Zephyrus GU603ZW-K8021W (i9-12900H/RAM 32GB/GeForce RTX 3070Ti/1TB SSD/ Windows 11),73990000,0,0,ASUS
MacBook Air M2 2022 13 inch (16GB/256GB SSD),29290000,29690000,36890000,APPLE
MacBook Air M2 2022 13 inch (16GB/512GB SSD),40890000,0,44770000,APPLE
Laptop Asus TUF Gaming FX506HM-HN366W (i7-11800H) (Đen),30590000,0,31990000,ASUS
Laptop Asus VivoBook Pro 16X OLED M7600RE-L2044W (AMD Ryzen R9-6900HX) (Bạc),33990000,0,38990000,ASUS
Laptop Lenovo IdeaPad 3 14IAU7-82RJ001DVN (i5-1235U) (Xanh),16590000,0,17790000,LENOVO
Laptop Lenovo IdeaPad 3 14IAU7-82RJ001CVN (i3-1215U) (Xanh),13590000,0,14490000,LENOVO
MacBook Pro M2 2022 13 inch (16GB/512GB SSD),40890000,0,44462000,APPLE
Laptop Gigabyte AORUS 5 SE4-73VN313SH (i7-12700H) (Đen),39190000,0,40990000,GIGABYTE
Laptop HP ProBook 450 G9 (6M103PA) (i7-1260P) (Bạc),25490000,0,25690000,HP
Laptop Dell Inspiron 14 T7420 N4I5021W (i5 -1235U) (Bạc),23190000,0,24890000,DELL
Laptop HP Envy X360 13-bf0095TU (76B15PA) ( i5-1230U) (Bạc),28090000,0,29390000,HP
Laptop ASUS ProArt W7600Z3A-L2048W (i9-12900H/RAM 32GB/RTX A3000/1TB SSD/ Windows 11),77790000,0,82990000,ASUS
Laptop ASUS ROG Strix G513RW - HQ152W (Ryzen 9 6900HX/RAM 16GB/RTX 3070 Ti/1TB SSD/ Windows 11),60090000,0,62990000,ASUS
Laptop ASUS ROG Zephyrus G14 GA402RK-L8072W (Ryzen 9 6900HS/RAM 32GB/RX 6800S/1TB SSD/ Windows 11),59190000,0,61990000,ASUS
Laptop ASUS ROG Strix SCAR 15 G533ZS-LN036W (i9-12900H/RAM 32GB/RTX 3080/2TB SSD/ Windows 11),79990000,0,0,ASUS
Laptop ASUS ROG Zephyrus G15 GA503RW-LN076W (Ryzen 9 6900HS/RAM 32GB/RTX 3070 Ti/1TB SSD/ Windows 11),51990000,0,60990000,ASUS
Laptop gaming Lenovo Legion 5 15ARH7-82RE002WVN (Ryzen 5 6600H/RAM 16GB/GeForce RTX 3050Ti/512GB SSD/ Windows 11),34590000,0,36990000,LENOVO
Laptop Lenovo Legion 5 15ARH7-82RE0036VN (AMD Ryzen 7-6800H) (Xám),36390000,0,38990000,LENOVO
Laptop gaming Lenovo Legion 5 15ARH7H-82RD003TVN (Ryzen 5 6600H/RAM 16GB/GeForce RTX 3060/512GB SSD/ Windows 11),38290000,0,40990000,LENOVO
Laptop Lenovo Legion 5 Pro 16IAH7H-82RF0045VN (i7-12700H) (Trắng),53190000,0,56990000,LENOVO
Laptop HP EliteBook x360 1040 G8 (6Z981PA) (i5-1235U/RAM 16GB/Onboard/512GB SSD/ Windows 11 Pro),44990000,0,0,HP
Laptop HP EliteBook x360 1040 G8 (6Z983PA) (i7-1255U/RAM 16GB/Onboard/1TB SSD/ Windows 11 Pro),50990000,0,0,HP
Laptop ASUS ROG Strix Scar 15 G533ZW-LN134W (i9-12900H/RAM 32GB/RTX 3070Ti/1TB SSD/ Windows 11),69990000,0,0,ASUS
Laptop Asus Zenbook Pro 16X OLED UX7602ZM-ME107W (i9-12900H) (Đen),76390000,0,79990000,ASUS
Laptop Asus Asus Zenbook 14X OLED UX5401ZAS-KN130W (i5-12500H) (Xám),33990000,0,0,ASUS
Laptop HP Envy 16-h0033TX (6K7F9PA) (i9-12900H/RAM 16GB/GeForce RTX 3060/512GB SSD/ Windows 11),59990000,0,0,HP
Laptop gaming ASUS TUF Gaming A15 FA506IHRB-HN080W (Ryzen 5 4600H/RAM 8GB/GeForce GTX 1650/512GB SSD/ Windows 11),19990000,0,0,ASUS
Laptop GIGABYTE G5 KE (i5-12500H/RAM 8GB/RTX 3060/512GB SSD/ Windows 10),26890000,0,27990000,GIGABYTE
Laptop Lenovo ThinkBook 14 G4 IAP-21DH00B2VN (i3-1215U/RAM 8GB/Onboard/512GB SSD/ FreeDOS),16590000,0,17790000,LENOVO
Laptop Lenovo ThinkBook 14 G4 IAP-21DH00B0VN (i3-1215U/RAM 8GB/Onboard/256GB SSD/ FreeDOS),15790000,0,16900000,LENOVO
Laptop Lenovo ThinkBook 15 G4 IAP-21DJ00CWVN (i7-1255U/RAM 8GB/Onboard/512GB SSD/ Windows 11),24790000,0,26490000,LENOVO
Laptop Lenovo ThinkBook 15 G4 IAP-21DJ00CSVN (i7-1255U/RAM 8GB/GeForce MX550/512GB SSD/ Windows 11),25490000,0,27290000,LENOVO
Laptop Lenovo ThinkBook 16 G4+ IAP-21CY003FVN (i5-1240P/RAM 16GB/Onboard/512GB SSD/ Windows 11),27590000,0,29490000,LENOVO
Laptop Lenovo ThinkBook 16 G4+ IAP - 21CY003JVN (i5-12500H/RAM 16GB/GeForce RTX 2050/512GB SSD/ Windows 11),33290000,0,35690000,LENOVO
Laptop Lenovo S14 G3 IAP-82TW000DVN (i3-1215U/RAM 8GB/Onboard/256GB SSD/ FreeDOS),13890000,0,14490000,LENOVO
Laptop Lenovo S14 G3 IAP-82TW002FVN (I3-1215U) (Xám),14690000,0,15390000,LENOVO
Laptop Lenovo S14 G3 IAP-82TW000FVN (I3-1215U) (Xám),15090000,0,15790000,LENOVO
Laptop Lenovo S14 G3 IAP-82TW000HVN (I5-1235U) (Xám),17190000,0,17990000,LENOVO
Laptop Lenovo S14 G3 IAP-82TW000LVN (I5-1235U) (Xám),16990000,0,19190000,LENOVO
Laptop ACER Swift 3 SF314-512-741L (NX.K7JSV.001) (i7-1260P/RAM 16GB/Onboard/1TB SSD/ Windows 11),26490000,0,30490000,ACER
Laptop ACER Aspire A315-59-321N (NX.K6TSV.009) (i3-1215U/RAM 8GB/Onboard/256GB SSD/ Windows 11),13690000,0,14290000,ACER
Laptop HP EliteBook Dragonfly G3 (6Z980PA) (i7-1255U) (Xanh),52590000,0,0,HP
Laptop HP EliteBook X360 1040 G9 (6Z982PA) (i7-1255U) (Bạc),49990000,0,0,HP
Laptop GIGABYTE G7 KE (i5-12500H/RAM 8GB/RTX 3060/512GB SSD/ Windows 11),27790000,0,29790000,GIGABYTE
Laptop gaming HP Victus 16-e1107AX (7C140PA) (Ryzen 5 6600H/RAM 8GB/GeForce RTX 3050/512GB SSD/ Windows 11),23490000,0,25490000,HP
Laptop HP Victus 16-d1187TX (7C0S4PA) (i7-12700H/RAM 8GB/GeForce RTX 3050/512GB SSD/ Windows 11),30390000,0,32990000,HP
Laptop gaming HP Victus 16-e1102AX (7C139PA) (Ryzen 7 6800H/RAM 16GB/GeForce RTX 3050Ti/512GB SSD/ Windows 11),29490000,0,31990000,HP
Laptop HP 14s-DQ5100TU (7C0Q0PA) (i5-1235U) (Bạc),17690000,0,0,HP
Laptop MSI Gaming GF63 Thin 11SC (i5-11400H/RAM 8GB/GTX 1650/512GB SSD/ Windows 11),15290000,0,19490000,MSI
Laptop HP 15s-fq2712TU (7C0X2PA) (i3-1115G4) (Bạc),11190000,0,12690000,HP
Laptop HP 15s-fq5161TU (7C0S2PA) (i5-1235U) (Xanh),16690000,0,18690000,HP
Laptop HP Pavilion 14-dv2075TU (7C0W2PA) (i5-1235U) (Bạc),16390000,0,19690000,HP
Laptop HP Pavilion 14-dv2076TU (7C0P4PA) (i5-1235U) (Vàng),17390000,0,18690000,HP
Laptop HP Victus 16-d1193TX (i5-12500H/RAM 8GB/RTX 3050/512GB SSD/ Windows 11),25690000,0,27690000,HP
Laptop HP Pavilion X360 14-ek0133TU (7C0P7PA) (i5-1235U) (Vàng),21190000,0,23190000,HP
Laptop HP Pavilion X360 14-ek0130TU (7C0P5PA) (3-1215U) (Vàng),17390000,0,0,HP
Laptop HP Pavilion X360 14-ek0131TU (7C0P6PA) (i3-1215U) (Xanh),16990000,0,0,HP
Laptop HP Pavilion 15-eg2084TU (7C0Q6PA) (i5-1240P) (Vàng),18790000,0,0,HP
Laptop HP Envy 16-h0205TX (7C0T2PA) (i9-12900H) (Bạc),65390000,0,0,HP
Laptop HP Envy 16-h0207TX (7C0T4PA) (i7-12700H) (Bạc),51990000,0,0,HP
Laptop HP Envy 16-h0206TX (7C0T3PA) ( i9-12900H) (Bạc),62990000,0,0,HP
Laptop HP EliteBook 830 G9 (6Z972PA) (i5-1235U) (Bạc),31990000,0,0,HP
Laptop HP EliteBook 830 G9 (6Z973PA) (i7-1255U) (Bạc),36990000,0,0,HP
Laptop HP EliteBook 840 G9 (6Z967PA) (i7-1255U) (Bạc),36990000,0,0,HP
Laptop HP 245 G9 (6L1N8PA) (AMD Ryzen 5 5625U) (Bạc),15390000,0,0,HP
Laptop HP 240 G8 (617K7PA) (i3-1115G4) (Bạc),12090000,0,0,HP
Laptop Lenovo Yoga 6 13ALC7-82UD000TVN (AMD Ryzen 5 5500U) (Xanh),20390000,0,21790000,LENOVO
Laptop HP Envy x360 13-bf0092TU (76V59PA) (i7-1250U/RAM 8GB/Onboard/512GB SSD/ Windows 11),30390000,0,32590000,HP
Laptop gaming HP Victus 15-fa0108TX (7C0X0PA) (i7-12700H/RAM 16GB/GeForce RTX 3050Ti/512GB SSD/ Windows 11),30490000,0,32990000,HP
Laptop ASUS Expertbook B5 Flip B5302FBA-LG0081W (i5-1235U/RAM 16GB/512GB SSD/ Windows 11),27890000,0,29490000,ASUS
Laptop ASUS Expertbook B5 B5302CBA-EG0084W (i5-1235U/RAM 16GB/Onboard/512GB SSD/ Windows 11),26890000,0,28490000,ASUS
Laptop Dell Vostro 14 3420 (FD9GG) (i5-1235U) (Xám),20490000,0,20990000,DELL
Laptop ASUS Vivobook Pro 16 OLED K6602ZC-MX079W (i5-12450H/RAM 16GB/RTX 3050/512GB SSD/ Windows 11),30490000,0,32990000,ASUS
Laptop HP 240 G9 (6L1X7PA) (i3-1215U) (Bạc),13390000,0,14190000,HP
Laptop gaming HP Omen 16-n0085AX (Ryzen 9 6900HX/RAM 32GB/RTX 3070Ti/1TB SSD/ Windows 11),58990000,0,62890000,HP
Laptop ASUS ROG Strix SCAR 18 G834JY-N6039W (i9-13980HX/RAM 64GB/RTX 4090/2TB SSD/ Windows 11),99990000,0,117990000,ASUS
ASUS ROG Strix SCAR 16 G634JZ-N4029W (i9-13980HX/RAM 32GB/RTX 4080/1TB SSD/ Windows 11),69990000,0,86990000,ASUS
Laptop Asus Vivobook 14X M1403QA-LY024W (AMD Ryzen 7 5800H) (Bạc),16390000,0,17490000,ASUS
Laptop ASUS ROG Strix SCAR 15 G533ZM-LN2210W (i7-12700H/RAM 16GB/GeForce RTX 3060/512GB SSD/ Windows 11),35490000,0,43990000,ASUS
Laptop ACER Predator Helios 16 PH16-71-94N1 (NH.QJSSV.002) (i9-13900HX/RAM 32GB/GeForce RTX 4080/2TB SSD/ Windows 11),117790000,0,0,ACER
Laptop Acer Predator Helios 18 PH18-71-94SJ (NH.QKRSV.002) (i9-13900HX) (Đen),119990000,0,0,ACER
Laptop MSI Creator Z16 A11UET-285VN (i9-11900H) (Xám),66990000,0,0,MSI
Laptop Asus ROG Flow X16 GV601VV-NL016W (i9-13900H) (Đen),48990000,0,62990000,ASUS
Laptop Asus ROG Strix Scar 17 G733PZ-LL980W (AMD RYZEN 9 7945HX) (Đen),69990000,0,74990000,ASUS
Laptop Asus ROG Strix G18 G814JI-N6063W (i9-13980HX) (Xám),70990000,0,0,ASUS
Laptop Asus ROG Zephyrus G16 GU603VU-N3898W (i7-13620H),37990000,0,44990000,ASUS
Laptop MSI Katana 15 B13VEK-252VN (i7-13620H/RAM 8GB/GeForce RTX 4050/512GB SSD/ Windows 11),25290000,0,27990000,MSI
Laptop HP 240 G9 - 6L1Y3PA (i5-1235U) (Bạc),19090000,0,20290000,HP
Laptop HP Probook 450 G9 - 6M0Y4PA (i3-1215U) (Bạc),17290000,0,0,HP
MacBook Pro 16 inch M2 Pro 2023 (16GB/1TB SSD),68090000,70390000,0,APPLE
MacBook Pro 14 inch M2 Pro 2023 (16GB/512GB SSD),45990000,52990000,0,APPLE
MacBook Pro 14 inch M2 Pro 2023 (16GB/1TB SSD),65090000,0,0,APPLE
MacBook Pro 16 inch M2 Pro 2023 (16GB/512GB SSD),52990000,65090000,65090000,APPLE
Laptop Asus Vivobook S 14 Flip TP3402VA-LZ031W (i5-13500H) (Bạc),21790000,0,21990000,ASUS
Laptop ASUS ROG Gaming G614JI-N4084W (i7-13650HX/RAM 16GB/1TB SSD/ Windows 11),43990000,0,50990000,ASUS
Laptop ASUS Gaming ROG GU604VI-NM779W (i9-13900H/RAM 32GB/GeForce RTX 4070/1TB SSD/ Windows 11),77990000,0,0,ASUS
Laptop gaming MSI Gaming Cyborg 15 A12VE-240VN (i7-12650H/RAM 8GB/GeForce RTX 4050/512GB SSD/ Windows 11),21590000,0,25490000,MSI
Laptop Asus Zenbook UX8402VU-P1028W (i9-13900H) (Đen),60999000,0,64990000,ASUS
Laptop Asus Vivobook Pro 15 OLED K6502VU-MA090W (i9-13900H) (Bạc),38690000,0,40990000,ASUS
Macbook Pro 14 inch M2 Max 2023 (32GB/1TB SSD/12C CPU/30C GPU),61490000,81090000,80790000,APPLE
MacBook Pro 16 inch M2 Max 2023 (32GB/1TB SSD),91390000,0,0,APPLE
Laptop gaming MSI Cyborg 15 A12UCX-281VN (i5-12450H/RAM 8GB/GeForce RTX 2050/512GB SSD/ Windows 11),16190000,0,18990000,MSI
Laptop Asus TUF Gaming F15 FX506HF-HN014W (i5-11400H) (Đen),16290000,0,18990000,ASUS
Laptop gaming ASUS TUF Gaming A15 FA507NU-LP034W (Ryzen 7 7735HS/RAM 8GB/GeForce RTX 4050/512GB SSD/ Windows 11),31490000,0,0,ASUS
Laptop LG Gram 2023 14ZD90R-G.AX52A5 (i5-1340P/RAM 8GB/256GB SSD),23990000,0,25990000,LG
Laptop LG Gram 2023 16ZD90R-G.AX55A5 (i5-1340P/RAM 16GB/512GB SSD),37990000,0,39990000,LG
Laptop LG Gram 2023 16Z90R-G.AH76A5 (i7-1360P/RAM 16GB/512GB SSD),37990000,0,46990000,LG
Laptop LG Gram 2023 17ZD90R-G.AX73A5 (i7-1360P/RAM 16GB/256GB SSD),40890000,0,42990000,LG
Laptop LG Gram 2023 14T90R-G.AH55A5 (i5-1340P/RAM 16GB/512GB SSD/ Windows 11),36090000,0,37990000,LG
Laptop Dell Inspiron 15 3530 (N3530-i3U085W11BLU) (i3-1305U) (Đen),12790000,0,14690000,DELL
Laptop Dell Inspiron 15 3530 (N3530-i5U085W11BLU) (i5-1335U) (Đen),18590000,0,0,DELL
MacBook Pro 14 inch M2 Pro 2023 (32GB/512GB SSD/10C CPU/16C GPU),58490000,0,62590000,APPLE
Laptop Acer Aspire 7 A715-76-57CY (NH.QGESV.004) (I5-12450H),13490000,0,16990000,ACER
Laptop ACER Predator Helios Neo PHN16-71-7460 (NH.QLTSV.004) (i7-13700HX/RAM 8GB/GeForce RTX 4050/512GB SSD/ Windows 11),37190000,0,38990000,ACER
Laptop ACER Predator Helios 16 PH16-71-72BV (NH.QJRSV.001) (i7-13700HX/RAM 16GB/GeForce RTX 4070/512GB SSD/ Windows 11),53490000,0,55990000,ACER
Laptop HP Elitebook 630 G9 - 7K9H3PA (i5-1235U) (Bạc),22990000,0,23990000,HP
Laptop gaming ACER Nitro 17 Phoenix AN17-51-50B9 (i5-13500H/RAM 8GB/512GB SSD/ Windows 11),33890000,0,35490000,ACER
Laptop Dell Vostro 3520 V5I3614W1 (i3-1215U) (Xám),13490000,0,13990000,DELL
Laptop Asus ROG Zephyrus Duo 16 GX650PZ-NM031W (AMD Ryzen 9-7945HX) (Đen),89990000,0,112990000,ASUS
Laptop Asus Vivobook 14X OLED A1403ZA-KM066W (I5-12500H) (Xanh),16990000,0,21490000,ASUS
Laptop Asus Vivobook Go 15 E1504FA-NJ454W (AMD Ryzen 5-7520U) (Bạc),14190000,0,14490000,ASUS
Laptop Dell Vostro 3430 - 71011900 (i5-1335U) (Xám),16990000,0,20990000,DELL
Laptop HP 240 G9 i3-1215U (6L1X5PA) (i3-1215U) (bạc),13590000,0,0,HP
Laptop Asus Zenbook UX5304VA-NQ125W (i7-1355U) (Xám),32990000,0,39990000,ASUS
Laptop Asus VivoBook 15X OLED S3504VA-L1226W (i5-1340P) (Bạc),18490000,0,21990000,ASUS
Laptop MSI Creator Z16 HX Studio B13VFTO - 063VN (i7-13700HX) (Xám),61590000,0,68990000,MSI
Laptop MSI Creator M16 B13VE - 830VN (i7-13700H) (Đen),35990000,0,39990000,MSI
Laptop MSI Prestige 16 Studio A13VE - 214VN (i7-13700H) (Bạc),39990000,0,47990000,MSI
Laptop MSI Prestige 14 Evo B13M - 401VN (i5-13500H) (Bạc),23790000,0,26990000,MSI
Laptop Dell Vostro 15 3530 (80GG9) (i5-1335U) (Xám),16490000,0,18490000,DELL
Laptop ASUS Vivobook Go 14 E1404FA-NK113W (Ryzen 3 7320U/RAM 8GB/256GB SSD/ Windows 11),8490000,0,11490000,ASUS
Laptop Asus Vivobook Go 14 E1404FA-NK177W (AMD Ryzen 5 7520U) (Bạc),14190000,0,14490000,ASUS
Laptop gaming Lenovo Legion Slim 5 16IRH8 - 82YA00BUVN (i7-13700H/RAM 16GB/GeForce RTX 4060/512GB SSD/ Windows 11),41990000,0,43990000,LENOVO
Laptop gaming Lenovo LOQ 15IRH8 - 82XV000PVN (i5-13420H/RAM 8GB/GeForce RTX 4050/512GB SSD/ Windows 11),28490000,0,30990000,LENOVO
Laptop gaming MSI Stealth 16 Studio A13VG-057VN (i9-13900H/RAM 32GB/GeForce RTX 4070/2TB SSD/ Windows 11),74990000,0,80990000,MSI
Laptop MSI Katana 15 B13VGK-1211VN (i7-13620H) (Đen),37890000,0,41990000,MSI
Laptop MSI Vector GP68HX 12VH-070VN (i9-12900HX) (Xám),53990000,0,61990000,MSI
Laptop MSI Raider GE78HX 13VI-408VN (i9-13980HX) (Đen),100190000,0,109990000,MSI
Laptop Acer Aspire 3 A314-36M-37FM (i3-N305) (Bạc),9590000,0,9990000,ACER
Laptop HP ProBook 440 G10 - 873A9PA (i5-1335U) (Bạc),19290000,0,21890000,HP
Laptop HP Elite x360 1040 G10 - 876D3PA (i7-1355U) (Bạc),46090000,0,48990000,HP
Laptop Asus TUF Gaming F15 FX507ZC4-HN099W (i7-12700H) (Xám),26990000,0,0,ASUS
Laptop Asus Vivobook X1404ZA-NK300W (i3-1215U) (Xanh),10990000,0,11290000,ASUS
Laptop HP 240 G10 - 8F136PA (i5-1335U/RAM 16GB/Onboard/512GB SSD/ Windows 11),19590000,0,0,HP
Laptop HP 240 G10 - 8F139PA (i7-1355U/RAM 8GB/Onboard/512GB SSD/ Windows 11),18890000,0,20990000,HP
Laptop gaming ASUS TUF Gaming F15 FX507ZU4-LP054W (i7-12700H/RAM 16GB/GeForce RTX 4050/512GB SSD/ Windows 11),25990000,0,34990000,ASUS
Laptop ACER Swift 14 SF14-71T-75CV (NX.KERSV.003) (i7-13700H/RAM 32GB/Onboard/1TB SSD/ Windows 11),39190000,0,40990000,ACER
Laptop HP Elitebook 630 G10 - 873F2PA (i7-1355U/RAM 16GB/Onboard/512GB SSD/ Windows 11),27790000,0,0,HP
Laptop Lenovo Yoga Slim 6 14IRH8 - 83E0000VVN (i7-13700H) (Xám bạc),25890000,0,26890000,LENOVO
MacBook Pro 16 inch M2 Max 2023 (64GB/1TB SSD),94690000,0,100190000,APPLE
Laptop Lenovo LOQ 15APH8 - 82XT00AKVN (AMD Ryzen 7 7840HS) (Xám),24990000,0,28990000,LENOVO
Laptop Lenovo Legion Slim 5 16APH8 - 82Y9002YVN (AMD Ryzen 7 7840HS) (Xám),35990000,0,38990000,LENOVO
MacBook Pro 16 inch M3 Pro 2023 (36GB/512GB SSD),74490000,0,76590000,APPLE
MacBook Pro 16 inch M3 Max 2023 (48GB/1TB SSD),101990000,0,104690000,APPLE
MacBook Pro 14 inch M3 2023 (16GB/1TB SSD),49900000,0,49990000,APPLE
MacBook Pro 16 inch M3 Pro 2023 (18GB/1TB SSD),69990000,0,0,APPLE
Laptop Gigabyte G5 MF5-52VN353SH (i5-13500H) (Đen),24390000,0,25790000,GIGABYTE
Laptop GIGABYTE G5 MF5-H2VN353SH (i7-13620H/RAM 16GB/GeForce RTX 4050/512GB SSD/ Windows 11),24690000,0,27990000,GIGABYTE
Laptop GIGABYTE G6 KF-H3VN853SH (i7-13620H/RAM 16GB/GeForce RTX 4060/512GB SSD/ Windows 11),28290000,0,29990000,GIGABYTE
Laptop Dell Vostro 3430 - 71021669 (i5-1335U/RAM 16GB/Onboard/512GB SSD/ Windows 11 + Office),19290000,0,19990000,DELL
Laptop MSI Bravo 15 C7VFK-275VN (Ryzen 7 7735HS/RAM 16GB/GeForce RTX 4060/512GB SSD/ Windows 11),27490000,0,28990000,MSI
Laptop MSI GP68HX 13VH-252VN (i9-13950HX/RAM 16GB/GeForce RTX 4080/1TB SSD/ Windows 11),56090000,0,61990000,MSI
Laptop Dell Latitude 3540 - 71021487 (i5-1335U/RAM 8GB/Onboard/256GB SSD/ Fedora),19390000,0,0,DELL
Laptop Dell Latitude 3540 - 71021489 (i7-1355U/RAM 16GB/Onboard/512GB SSD/ Fedora),25790000,0,0,DELL
Laptop Dell Mobile Precision Workstation 3581 - 71023331 (i7-13800H/RAM 16GB/RTX A500/512GB SSD/ Ubuntu),45300000,0,0,DELL
Laptop Dell Mobile Precision Workstation 3581 - 71024677 (i7-13800H/RAM 32GB/RTX A500/1TB SSD/ Windows 11 Pro),53900000,0,0,DELL
Laptop Dell Mobile Precision Workstation 7680 - 71024676 (i9-13950HX/RAM 32GB/GeForce RTX 2000/1TB SSD/ Windows 11 Pro),88200000,0,0,DELL
Laptop ACER Predator Helios Neo PHN16-71-779X (NH.QLUSV.00B) (i7-13700HX/RAM 16GB/GeForce RTX 4060/512GB SSD/ Windows 11),41990000,0,43990000,ACER
Laptop ASUS ExpertBook B1502CVA-NJ0050W (i5-1335U/RAM 8GB/Onboard/512GB SSD/ Windows 11),19690000,0,19990000,ASUS
Laptop Lenovo LOQ 15IRX9 - 83DV000NVN (i7-13650HX/RAM 16GB/GeForce RTX 4050/512GB SSD/ Windows 11),28990000,0,31990000,LENOVO
Laptop gaming HP Omen 16-wf0130TX (8W944PA) (i7-13700HX/RAM 32GB/GeForce RTX 4070/1TB SSD/ Windows 11),55590000,0,58990000,HP
Laptop ACER Swift Go SFG14-72-55HZ (Ultra 5-125H/RAM 16GB/Onboard/512GB SSD/ Windows 11 + Office),21990000,0,22990000,ACER
Laptop ASUS ROG Strix Scar 18 G834JYR-R6011W (i9-14900HX/RAM 64GB/GeForce RTX 4090/2TB SSD/ Windows 11),109990000,0,130000000,ASUS
Laptop ASUS ROG Strix Scar 16 G634JZR-NM009W (i9-14900HX/RAM 64GB/GeForce RTX 4080/2TB SSD/ Windows 11),89990000,0,110000000,ASUS
Laptop HP ProBook 450 G10 - 9H8H2PT (i7-1355U/RAM 16GB/GeForce RTX 2050/512GB SSD/ Windows 11),30590000,0,0,HP
Laptop HP Elitebook 630 G10 - 9H1N9PT (i7-1355U/RAM 16GB/Onboard/512GB SSD/ Windows 11),27790000,0,0,HP
Laptop HP Elitebook 630 G10 - 9J0B7PT (i7-1355U/RAM 16GB/Onboard/512GB SSD/ Windows 11),24490000,0,28590000,HP
Laptop HP ProBook 440 G10 - 9H8U4PT (i5-1335U/RAM 8GB/Onboard/512GB SSD/ Windows 11),21490000,0,0,HP
Laptop gaming HP Omen 16-xf0070AX - 8W945PA (Ryzen 9 7940HS/RAM 32GB/GeForce RTX 4070/1TB SSD/ Windows 11),59590000,0,62890000,HP
Laptop Dell Vostro 15 3530 - 80GG93 (i5-1335U/RAM 16GB/Onboard/512GB SSD/ Windows 11 + Office),18490000,0,19190000,DELL
Laptop gaming Lenovo Legion 5 16IRX9 - 83DG004YVN (i7-14650HX/RAM 16GB/GeForce RTX 4060/512GB SSD/ Windows 11),41990000,0,43990000,LENOVO
Laptop Lenovo LOQ 15IRH8 - 82XV00QXVN (i7-13620H/RAM 16GB/GeForce RTX 4050/512GB SSD/ Windows 11),27990000,0,31990000,LENOVO
Laptop HP 15-fd0235TU - 9Q970PA (i5-1334U) (Bạc),19590000,0,0,HP
Laptop Yoga Slim 7 14IMH9 - 83CV001VVN (Ultra 7 155H) (Xám),31490000,0,31990000,LENOVO
Laptop HP ProBook 440 G10 - 9H8U6PT (i5-1335U) (Bạc),20990000,0,21890000,HP
Laptop Asus ROG Zephyrus G16 GU605MV-QR135W (U9-185H) (Xám),63990000,0,67990000,ASUS
Laptop Asus ROG Zephyrus G14 GA403UU-QS101W (R9-8945HS) (Trắng),51790000,0,54990000,ASUS
MacBook Air M3 2024 15 inch (8GB/512GB SSD),36290000,0,37990000,APPLE
MacBook Air M3 15 inch 2024 (16GB/512GB SSD),42490000,0,42990000,APPLE
MacBook Air M3 15 inch 2024 (16GB/256GB SSD),37290000,0,38190000,APPLE
MacBook Pro 14 inch M3 2023 (16GB/1TB SSD),49900000,0,54990000,APPLE
MacBook Pro 14 inch M3 2023 (16GB/1TB SSD),49900000,0,51900000,APPLE
Laptop Asus TUF Gaming A15 FA507UV-LP090W,32990000,0,38990000,ASUS
Laptop Acer Gaming Predator Helios 18 - PH18-72-908N (i9-14900HX) (Đen),100190000,0,104990000,ACER
MacBook Air M2 2022 13 inch (24GB/512GB SSD/70W),41790000,0,0,APPLE
MacBook Pro 16 inch M3 Max 2023 (64GB/1TB SSD),112290000,0,0,APPLE
Laptop Lenovo IdeaPad Slim 5 14IMH9 - 83DA0020VN (Ultra 7-155H),26190000,0,28690000,LENOVO
Laptop MSI Katana A15 AI B8VF-419VN (AMD Ryzen 7 8845H) (Đen),28990000,0,30990000,MSI
Laptop Asus ROG Zephyrus G14 GA403UV-QS171W (AMD Ryzen 9 8945HS) (Xám),55590000,0,58990000,ASUS
Laptop Asus ROG Zephyrus G16 GU605MV-QR196W (Ultra 9 - 185H) (Trắng),63990000,0,67990000,ASUS
Laptop gaming Lenovo LOQ 15ARP9 - 83JC003YVN (Ryzen 7 7435HS/RAM 24GB/GeForce RTX 4060/512GB SSD/ Windows 11),28990000,0,31490000,LENOVO
Laptop Dell Inspiron 15 3530 (N3530-i3U085W11SLU) (i3-1305U) (Bạc),12790000,0,13890000,DELL
Laptop Lenovo IdeaPad Slim 5 14AHP9 - 83DB003BVN (Ryzen 7 8845HS/RAM 16GB/Onboard/512GB SSD/ Windows 11),23190000,0,0,LENOVO
Laptop ASUS ROG Strix G614JVR-N4162W (i9-14900HX/RAM 32GB/GeForce RTX 4060/1TB SSD/ Windows 11),52990000,0,0,ASUS
"Máy tính xách tay Macbook Pro 14"" M3 Max 14C CPU/ 30C GPU/ 36GB/ RAM 2TB SSD (Space Black) Z1AW",93440000,0,93990000,APPLE
Laptop ASUS ROG Strix G16 G614JIR-N4046W (i9-14900HX/RAM 32GB/GeForce RTX 4070/1TB SSD/ Windows 11),63990000,0,0,ASUS
Laptop Lenovo ThinkPad E14 Gen 5 - 21JK00H4VA (i5-13420H/RAM 16GB/Onboard/512GB SSD/,19290000,0,0,LENOVO
Laptop ASUS TUF Gaming A14 FA401WV-RG062WS (Ryzen AI 9 HX 370/RAM 16GB/GeForce RTX 4060/1TB SSD/ Windows 11 + Office),44990000,0,0,ASUS
Laptop ASUS Expertbook B1 B1500CBA-BQ0249W (i5-1235U/RAM 8GB/Onboard/512GB SSD/ Windows 11),19890000,0,21090000,ASUS
Laptop Lenovo IdeaPad 5 Pro 16ARH7-82SN00AYVN (AMD Ryzen 5 6600HS) (Xám),29990000,0,0,LENOVO
Laptop Lenovo IdeaPad 3 14IAU7-82RJ009MVN (i3-1215U) (Xanh),13990000,0,0,LENOVO
Laptop Lenovo IdeaPad 5 15ABA7-82SG007KVN (AMD Ryzen 5 5625U) (Xám),18190000,0,0,LENOVO
Laptop HP Envy X360 13-bf0112TU - 7C0N9PA (i5-1230U) (Bạc),27890000,0,29690000,HP
Laptop HP Elitebook 630 G9 - 6M140PA (i3-1215U) (Bạc),16790000,0,17890000,HP
Laptop HP Elitebook 630 G9 - 6M141PA (i3-1215U) (Bạc),17690000,0,18790000,HP
Laptop HP EliteBook 840 G9 - 6Z970PA (i7-1260P) (Bạc),35990000,0,38290000,HP
Laptop HP Probook 450 G9 - 6M0Y5PA (i3-1215U) (Bạc),17090000,0,18190000,HP
Laptop Gigabyte A5 K1-AVN1030SB (AMD Ryzen 5 5600H) (Đen),20690000,0,23990000,GIGABYTE
Laptop ASUS Vivobook 15 OLED A1505VA-L1052W (i5-13500H/RAM 8GB/512GB SSD/ Windows 11),20190000,0,20490000,ASUS
Laptop Asus Vivobook X1504VA-NJ023W (i7-1355U) (Bạc),21890000,0,22990000,ASUS
Laptop HP 240 G9 (6L1X3PA) (i3-1215U) (Bạc),13390000,0,14190000,HP
Laptop Lenovo V15 G3 IAP - 82TT00ARVN (i3-1215U) (Xám),13090000,0,0,LENOVO
Laptop Lenovo V15 G3 IAP - 82TT00ATVN (i5-1235U) (Xám),17290000,0,0,LENOVO
Laptop Asus VivoBook S 14 Flip TN3402YA-LZ026W (AMD Ryzen 5-7530U) (Bạc),18990000,0,0,ASUS
Laptop ACER Aspire 7 A715-76G-5132 (NH.QMESV.002) (i5-12450H/RAM 8GB/GeForce GTX 1650/512GB SSD/ Windows 11),20990000,0,0,ACER
Laptop Acer Predator Helios Neo PHN16-71-59TN (NH.QLUSV.003) (i5-13500HX) (Đen),39990000,0,0,ACER
Laptop Acer Aspire 5 A515-58P-34RJ (NX.KHJSV.003) (i3-1315U) (Bạc),13090000,0,0,ACER
Laptop HP Victus 15-fa0155TX (81P00PA) (i5-12450H) (Đen),27990000,0,0,HP
Laptop MSI Creator Z16 HX Studio B13VGTO - 062VN (i9-13950HX) (Xám),79490000,0,87990000,MSI
Laptop MSI Creator Z17 HX Studio A13VGT - 068VN (i7-13700HX) (Xám),73790000,0,81990000,MSI
Laptop Asus Vivobook S 14 Flip TP3402VA-LZ025W (i3-1315U) (Bạc),16990000,0,0,ASUS
Laptop gaming MSI Stealth 14 Studio A13VF-051VN (i7-13700H/RAM 16GB/GeForce RTX 4060/1TB SSD/ Windows 11),51690000,0,54990000,MSI
Laptop gaming MSI Stealth 15 A13VF-069VN (i7-13620H/RAM 16GB/GeForce RTX 4060/1TB SSD/ Windows 11),42990000,0,47990000,MSI
Laptop MSI Raider GE68HX 13VG-048VN (i7-13700HX) (Đen),57590000,0,66990000,MSI
Laptop Asus Vivobook 14X OLED K3405ZF-KM086W (i5-12450H) (Bạc),25690000,0,25990000,ASUS
Laptop Lenovo LOQ 15IRH8 - 82XV00D5VN (i7-13620H) (Xám),35990000,0,0,LENOVO
Laptop HP Pavilion X360 14 - ek1048TU (i5-1335U) (Vàng),22890000,0,0,HP
Laptop gaming ACER Nitro 16 AN16-41-R60F (Ryzen 7 7840HS/RAM 8GB/GeForce RTX 4050/512GB SSD/ Windows 11),34390000,0,35990000,ACER
Laptop gaming ACER Nitro 16 AN16-41-R76E (Ryzen 9 7940HS/RAM 16GB/GeForce RTX 4060/512GB SSD/ Windows 11),40590000,0,42490000,ACER
Laptop gaming ACER Nitro 16 AN16-41-R3SM (Ryzen 7 7840HS/RAM 16GB/GeForce RTX 4060/512GB SSD/ Windows 11),38190000,0,39990000,ACER
Laptop gaming ACER Nitro 16 Phoenix AN16-41-R50Z (Ryzen 5 7640HS/RAM 8GB/GeForce RTX 4050/512GB SSD/ Windows 11),26990000,0,30990000,ACER
Laptop HP ProBook 440 G10 - 873A6PA (i5-1335U) (Bạc),20590000,0,0,HP
Laptop HP ProBook 440 G10 - 873B1PA (i5-1340P) (Bạc),22690000,0,0,HP
Laptop HP Elite x360 830 G10 - 876C5PA (i7-1355U) (Bạc),41290000,0,43990000,HP
Laptop gaming HP Victus 15-fa1085TX - 8C5M2PA (i7-13700H/RAM 16GB/GeForce RTX 4050/512GB SSD/ Windows 11),31790000,0,33990000,HP
Laptop GIGABYTE Aero 14 Oled 9MF-E2VNBB4SH (i5-12500H/RAM 16GB/Onboard/1TB SSD/ Windows 11),33390000,0,34990000,GIGABYTE
Laptop HP Pavilion 15-eg3095TU - 8C5L6PA (i5-1335U/RAM 8GB/Onboard/512GB SSD/ Windows 11),18590000,0,19990000,HP
Laptop HP 240 G10 - 8F134PA (i5-1335U/RAM 8GB/Onboard/512GB SSD/ Windows 11),18790000,0,0,HP
Laptop HP 240 G10 - 8F140PA (i7-1355U/RAM 16GB/Onboard/512GB SSD/ Windows 11),21990000,0,0,HP
Laptop HP 15-fd0084TU - 8D737PA (i7-1355U/RAM 8GB/Onboard/512GB SSD/ Windows 11),21690000,0,0,HP
Laptop HP Victus 15-fa1090TX - (8C5M7PA) (i5-13420H/RAM 16GB/GeForce RTX 2050/512GB SSD/ Windows 11),25290000,0,26990000,HP
Laptop gaming HP Victus 15-fa1088TX - 8C5M5PA (i5-13500H/RAM 16GB/GeForce RTX 4050/512GB SSD/ Windows 11),28190000,0,29990000,HP
Laptop HP Victus 15-fa1086TX - 8C5M3PA (i5-13500H/RAM 16GB/GeForce RTX 4050/1TB SSD/ Windows 11),29490000,0,31390000,HP
Laptop gaming MSI Cyborg 15 A12UC - 621VN (i5-12450H/RAM 8GB/GeForce RTX 3050/512GB SSD/ Windows 11),17990000,0,19990000,MSI
Laptop ACER Aspire 3 A315-59-31BT (NX.K6TSV.00L) (i3-1215U/RAM 8GB/Onboard/256GB SSD/ Windows 11),10490000,0,10990000,ACER
Laptop ACER Aspire 5 A515-58P-56RP (NX.KHJSV.008) (i5-1335U/RAM 16GB/Onboard/512GB SSD/ Windows 11),15990000,0,16990000,ACER
Laptop ACER Aspire 7 A715-76-728X (NH.QGESV.008) (i7-12650H/RAM 16GB/Onboard/512GB SSD/ Windows 11),19590000,0,20490000,ACER
Laptop HP ZBook Firefly 16 G10 - 740J1AV (i7-1355U/RAM 16GB/RTX A500/512GB SSD/ Windows 11 Pro),48090000,0,52900000,HP
Laptop HP ProBook 445 G10 - 878T1PA (AMD Ryzen 5 7530U) (Bạc),17290000,0,0,HP
MacBook Pro 14 inch M2 Pro 2023 (32GB/2TB SSD),78390000,83490000,0,APPLE
MacBook Pro 14 inch M2 Pro 2023 (32GB/1TB SSD),73190000,0,0,APPLE
MacBook Pro 14 inch M2 Max 2023 (64GB/4TB SSD),119590000,0,0,APPLE
MacBook Pro 14 inch M2 Max 2023 (64GB/1TB SSD),88990000,0,93890000,APPLE
MacBook Pro 14 inch M2 Pro 2023 (32GB/1TB SSD),63990000,0,0,APPLE
MacBook Pro 14 inch M2 Pro 2023 (32GB/512GB SSD/12C CPU/19C GPU),68090000,0,0,APPLE
MacBook Pro 14 inch M2 Pro 2023 (32GB/512GB SSD/10C CPU/16C GPU),60890000,0,0,APPLE
MacBook Pro 14 inch M2 Max 2023 (64GB/1TB SSD),88690000,0,0,APPLE
MacBook Pro 16 inch M2 Pro 2023 (32GB/1TB SSD),78390000,79290000,0,APPLE
MacBook Pro 16 inch M2 Max 2023 (96GB/8TB SSD),165990000,0,0,APPLE
MacBook Pro 16 inch M2 Max 2023 (96GB/2TB SSD),119590000,0,0,APPLE
MacBook Pro 16 inch M2 Max 2023 (32GB/512GB SSD),78390000,0,0,APPLE
MacBook Pro 16 inch M2 Max 2023 (32GB/2TB SSD),93890000,0,0,APPLE
MacBook Pro 16 inch M2 Max 2023 (64GB/4TB SSD),124790000,0,0,APPLE
MacBook Pro 16 inch M2 Pro 2023 (32GB/512GB SSD),73190000,74090000,0,APPLE
MacBook Pro 16 inch M2 Max 2023 (32GB/1TB SSD),83490000,0,0,APPLE
MacBook Pro 16 inch M2 Max 2023 (96GB/1TB SSD),110590000,0,0,APPLE
MacBook Air M2 2022 13 inch (24GB/256GB SSD),41790000,0,0,APPLE
MacBook Air M2 2022 13 inch (16GB/512GB SSD),44390000,0,0,APPLE
MacBook Air M2 2022 13 inch (24GB/256GB SSD),44390000,0,0,APPLE
MacBook Air M2 2022 13 inch (24GB/512GB SSD),47090000,0,0,APPLE
MacBook Air M2 2022 13 inch (16GB/1TB SSD),47490000,49690000,0,APPLE
MacBook Air M2 2022 13 inch (24GB/512GB SSD/8C CPU/10C GPU),49690000,0,0,APPLE
MacBook Air M2 2022 13 inch (16GB/2TB SSD),58890000,0,0,APPLE
MacBook Pro M2 2022 13 inch (16GB/1TB SSD),47990000,49090000,0,APPLE
MacBook Pro M2 2022 13 inch (24GB/2TB SSD),63390000,0,0,APPLE
MacBook Pro M2 2022 13 inch (24GB/1TB SSD),53090000,53290000,0,APPLE
MacBook Pro M2 2022 13 inch (24GB/512GB SSD),49590000,0,0,APPLE
MacBook Pro M2 2022 13 inch (24GB/256GB SSD),44290000,0,0,APPLE
Laptop gaming ACER Nitro 5 AN515-58-50EE (i5-12450H/RAM 8GB/GeForce RTX 3050/512GB SSD/ Windows 11),23890000,0,24990000,ACER
Laptop HP 15s-fq5231TU - 8U241PA (i3-1215U/RAM 8GB/Onboard/256GB SSD/ Windows 11),11990000,0,0,HP
Laptop gaming HP Victus 15-fb1023AX - 94F20PA (Ryzen 5 7535HS/RAM 8GB/GeForce RTX 2050/512GB SSD/ Windows 11),22790000,0,24490000,HP
MacBook Pro 14 inch M3 2023 (8GB/1TB SSD),42990000,0,47390000,APPLE
Laptop Gigabyte G5 MF-F2VN313SH (i5-12450H) (Đen),22290000,0,23290000,GIGABYTE
Laptop MSI Vector GP78 HX 13VI-476VN (i9-13980HX/RAM 32GB/GeForce RTX 4090/2TB SSD/ Windows 11),79190000,0,89990000,MSI
Laptop Lenovo Ideapad 1 14ALC7 - 82R30077VN (Ryzen 7 5700U/RAM 16GB/Onboard/512GB SSD/ Windows 11),12990000,0,13990000,LENOVO
Laptop Dell XPS 15 9530 - 71015716 (i7-13700H/RAM 16GB/GeForce RTX 4050/512GB SSD/ Windows 11 + Office),66990000,0,69990000,DELL
Laptop Dell Latitude 3540 - 71021486 (i3-1315U/RAM 8GB/Onboard/256GB SSD/ Fedora),16590000,0,0,DELL
Laptop Dell Mobile Precision Workstation 5680 - 71023332 (i7-13800H/RAM 16GB/GeForce RTX 2000/512GB SSD/ Ubuntu),84700000,0,0,DELL
Laptop Dell Mobile Precision Workstation 3480 - 71024682 (i7-1370P/RAM 32GB/RTX A500/1TB SSD/ Windows 11 Pro),49900000,0,0,DELL
Laptop Lenovo IdeaPad Slim 5 16IAH8 - 83BG001XVN (i5-12450H/RAM 16GB/Onboard/512GB SSD/ Windows 11),16490000,0,17490000,LENOVO
Laptop Lenovo IdeaPad Flex 5 14IAU7 - 82R700JLVN (i5-1235U/RAM 16GB/Onboard/512GB SSD/ Windows 11),16490000,0,18990000,LENOVO
Laptop HP 14s-dq5121TU - 8W355PA (i3-1215U/RAM 8GB/Onboard/512GB SSD/ Windows 11),12990000,0,0,HP
Laptop Dell Latitude 3540 - 71021488 (i7-1355U/RAM 8GB/Onboard/256GB SSD/ Fedora),24490000,0,0,DELL
Laptop Dell Mobile Precision Workstation 5680 - 71023333 (i7-13800H/RAM 16GB/RTX A1000/512GB SSD/ Ubuntu),78800000,0,0,DELL
Laptop Dell Mobile Precision Workstation 7680 - 71023334 (i7-13850HX/RAM 16GB/GeForce RTX 2000/512GB SSD/ Ubuntu),74200000,0,0,DELL
Laptop Dell Mobile Precision Workstation 7680 - 71024681 (i7-13850HX/RAM 32GB/GeForce RTX 2000/1TB SSD/ Windows 11 Pro),81300000,0,0,DELL
Laptop Dell Mobile Precision Workstation 3581 - 71024679 (i7-13800H/RAM 32GB/RTX A1000/1TB SSD/ Windows 11 Pro),57200000,0,0,DELL
Laptop Dell Mobile Precision Workstation 5680 - 71024680 (i9-13900H/RAM 32GB/GeForce RTX 2000/1TB SSD/ Ubuntu),101700000,0,0,DELL
Laptop ASUS Vivobook 15 X1504ZA-NJ517W (i5-1235U/RAM 16GB/Onboard/512GB SSD/ Windows 11),16190000,0,16490000,ASUS
Laptop ACER Aspire 5 A515-58P-35EU (i3-1305U/RAM 8GB/Onboard/512GB SSD/ Windows 11),12290000,0,0,ACER
Laptop ACER Aspire 5 A515-58M-951T (i9-13900H/RAM 16GB/Onboard/512GB SSD/ Windows 11),23990000,0,0,ACER
Laptop ACER Predator Helios Neo PHN16-71-547E (NH.QLUSV.00A) (i5-13500HX/RAM 16GB/GeForce RTX 4060/512GB SSD/ Windows 11),40890000,0,0,ACER
Laptop ASUS Vivobook 14 X1404ZA-NK075W (i3-1215U/RAM 8GB/Onboard/256GB SSD/ Windows 11),12190000,0,12490000,ASUS
Laptop ASUS ExpertBook B5402CVA-KI0123W (i5-1340P/RAM 16GB/Onboard/512GB SSD/ Windows 11),24290000,0,24590000,ASUS
Laptop Lenovo Ideapad 1 14ALC7 - 82R30078VN (Ryzen 5 5500U/RAM 16GB/Onboard/512GB SSD/ Windows 11),11990000,0,0,LENOVO
Laptop Lenovo Ideapad Slim 5-14IAH8 (i5-12450H/RAM 16GB/Onboard/1TB SSD/ Windows 11),15990000,0,17490000,LENOVO
Laptop HP 240 G10 - 9H2E0PT (i3-1315U/RAM 8GB/Onboard/512GB SSD/ Windows 11),13790000,0,0,HP
Laptop HP 240 G10 - 9H2E4PT (i5-1335U/RAM 16GB/Onboard/512GB SSD/ Windows 11),19590000,0,0,HP
Laptop HP 240 G10 - 9H2E6PT (i7-1355U/RAM 16GB/Onboard/512GB SSD/ Windows 11),21990000,0,0,HP
Laptop HP ProBook 450 G10 - 9H1N8PT (i5-1335U/RAM 16GB/GeForce RTX 2050/512GB SSD/ Windows 11),26390000,0,0,HP
Laptop HP Probook 450 G10 - 9H1N5PT (i5-1335U/RAM 16GB/Onboard/512GB SSD/ Windows 11),22590000,0,0,HP
Laptop HP Probook 450 G10 - 9H8H1PT (i7-1355U/RAM 16GB/Onboard/512GB SSD/ Windows 11),26990000,0,0,HP
Laptop HP Elitebook 630 G10 - 9J0B4PT (i5-1335U/RAM 16GB/Onboard/512GB SSD/ Windows 11),23590000,0,0,HP
Laptop ACER Aspire 3 A315-510P-34XZ (i3-N305/RAM 8GB/Onboard/512GB SSD/ Windows 11),10990000,0,0,ACER
Laptop ASUS Zenbook 14 OLED - UM3402YA-KM405W (Ryzen 5 7530U/RAM 16GB/Onboard/512GB SSD/ Windows 11),20490000,0,22990000,ASUS
Laptop gaming MSI Stealth 14 AI Studio A1VFG-050VN (Ultra 7-155H/RAM 32GB/GeForce RTX 4060/1TB SSD/ Windows 11),47590000,0,49990000,MSI
Laptop MSI Titan 18 HX A14VIG-205VN (i9-14900HX) (Đen),142590000,0,149990000,MSI
Laptop gaming HP Omen 16-xf0071AX - 8W946PA (Ryzen 7 7840HS/RAM 32GB/GeForce RTX 4060/1TB SSD/ Windows 11),55790000,0,58890000,HP
Laptop ACER Predator Helios Neo 16 - PHN16-71-74QR (i7-13700HX/RAM 16GB/GeForce RTX 4070/512GB SSD/ Windows 11),47690000,0,49990000,ACER
Laptop HP Victus 16-r0227TX - 9Q978PA (i5-13500H) (Đen),32890000,0,34890000,HP
Laptop gaming HP Victus 16-s0141AX - 9Q988PA (Ryzen 7 7840HS/RAM 32GB/GeForce RTX 4050/512GB SSD/ Windows 11),33790000,0,35890000,HP
Laptop HP Victus 16-s0139AX - 9Q986PA (AMD Ryzen 7-7840HS) (Đen),35190000,0,37390000,HP
Laptop gaming HP Victus 16-s0138AX - 9Q985PA (Ryzen 7 7840HS/RAM 32GB/GeForce RTX 4070/512GB SSD/ Windows 11),39090000,0,41390000,HP
Laptop HP Spectre x360 14-ef2062TU - 8F5T5PA (i7-1355U/RAM 16GB/Onboard/1TB SSD/ Windows 11),44890000,0,49990000,HP
Laptop GIGABYTE G5 MF5-52VN383SH (i5-13500H/RAM 8GB/GeForce RTX 4050/512GB SSD/ Windows 11),24990000,0,0,GIGABYTE
Laptop GIGABYTE G5 KF5-53VN383SH (i5-13500H/RAM 8GB/GeForce RTX 4060/512GB SSD/ Windows 11),27290000,0,0,GIGABYTE
Laptop GIGABYTE G5 KF5-53VN353SH (i5-13500H/RAM 16GB/GeForce RTX 4060/512GB SSD/ Windows 11),27990000,0,0,GIGABYTE
Laptop HP ProBook 440 G10 - 9H8U1PT (i3-1315U) (Bạc),16990000,0,0,HP
Laptop HP ProBook 440 G10 - 9H8U3PT (i5-1335U) (Bạc),20590000,0,0,HP
Laptop Acer Swift Go SFG14-41-R5JK (AMD Ryzen 5 7530U) (Bạc),18590000,0,19490000,ACER
Laptop gaming MSI Stealth 16 AI Studio A1VGG-089VN (Ultra 9-185H/RAM 16GB/GeForce RTX 4070/2TB SSD/ Windows 11),59690000,0,64990000,MSI
Laptop MSI Raider GE68 HX 14VIG-496VN (i9-14900HX) (Đen),82290000,0,89990000,MSI
MacBook Air M3 2024 13 inch (16GB/256GB SSD/70w),32390000,33690000,0,APPLE
Laptop Asus ROG Zephyrus G16 GU605MI-QR116W (U9 185H) (Xám),74990000,0,79990000,ASUS
Laptop Asus ROG Strix G16 G614JVR-N4141W (I9-14900HX) (Xám),45990000,0,52990000,ASUS
Laptop gaming MSI Cyborg 15 A12UCX - 618VN (i5-12450H/RAM 16GB/GeForce RTX 2050/512GB SSD/ Windows 11),18990000,0,19900000,MSI
Laptop gaming Lenovo LOQ 15IAX9 - 83FQ0005VN (i5-12450HX/RAM 16GB/Intel Arc A530M/512GB SSD/ 11),19990000,0,21990000,LENOVO
Laptop Dell Vostro V3520-i5U165W11GRU-KYHD (i5-1235U) (Xám),16390000,0,17190000,DELL
Laptop ASUS Vivobook S 14 Flip TN3402YA-LZ192W (Ryzen 5 7530U/RAM 16GB/Onboard/512GB SSD/ Windows 11),18990000,0,0,ASUS
Laptop ASUS Vivobook S 16 OLED M5606NA-MX029W (Ryzen 5 7535HS/RAM 16GB/Onboard/512GB SSD/ Windows 11),21390000,0,22490000,ASUS
Laptop Acer Gaming Predator Helios 16 - PH16-72-95ZM (i9-14900HX) (Đen),75390000,0,78990000,ACER
Laptop Dell Inspiron 14 5440 - N5440-i5U085W11IBU (i5-1334U) (Xanh),19290000,0,20490000,DELL
Laptop Lenovo Ideapad Slim 5 15IRU9 - 83D0000EVN (Core 5 120U) (Xám),19990000,0,21690000,LENOVO
Laptop Lenovo Ideapad Slim 5 15IRU9 - 83D00003VN (Core 5 120U) (Xám),20990000,0,22690000,LENOVO
Laptop MSI Prestige 16 AI Studio B1VFG-082VN (Core Ultra 9 185H) (Xám),53290000,0,55990000,MSI
Laptop MSI Sword 16 HX B14VEKG-039VN (i7-14700HX) (Xám),33290000,0,34990000,MSI
Laptop MSI Sword 16 HX B14VGKG-038VN (i7-14700HX) (Xám),43790000,0,45990000,MSI
Laptop MSI Creator M16 HX C14VFG-040VN (i7-14700HX) (Xám),43790000,0,45990000,MSI
Laptop MSI Creator Z17 HX Studio A14VFT-273VN (i7-14700HX) (Xám),65590000,0,68990000,MSI
Laptop MSI Creator Z17 HX Studio A14VGT-272VN (i7-14700HX) (Xám),68490000,0,71990000,MSI
Laptop MSI Creator 16 AI Studio A1VHG-079VN (Core Ultra 9 185H) (Xám),85590000,0,89990000,MSI
Laptop MSI Creator 16 AI Studio A1VIG-078VN (Core Ultra 9 185H) (Xám),104490000,0,109990000,MSI
Laptop Acer Aspire 15 - A15-51P-53T8 (Core 5 120U) (Xám),15990000,0,0,ACER
Laptop gaming ASUS TUF Gaming F15 FX507VV-LP181W (i7-13620H/RAM 32GB/GeForce RTX 4060/512GB SSD/ Windows 11),32490000,0,36990000,ASUS
Laptop Asus ROG Strix G16 G614JV-N4156W (i7-13650HX) (Xám),39990000,0,44990000,ASUS
Laptop Asus ROG Zephyrus G16 GU603VU-N4019W (i7-13620H) (Xám),39990000,0,44990000,ASUS
Laptop Lenovo Ideapad 3 15IAU7 - 82RK015AVN (i3-1215U) (Xám),12490000,0,13390000,LENOVO
Laptop Lenovo Ideapad Slim 3 15ABR8 - 82XM00EHVN (Xám),14490000,0,15990000,LENOVO
Laptop Dell Gaming G15 5530 (G15-5530-i7H161W11GR4060) (i7-13650HX) (Xám đen),42490000,0,0,DELL
Laptop Dell Gaming G15 5530 (G15-5530-i9H161W11GR4060) (i9-13900HX) (Xám đen),46190000,0,0,DELL
Laptop Lenovo LOQ 15AHP9 - 83DX0085VN (AMD Ryzen™ 7 8845HS) (Xám),33990000,0,0,LENOVO
Laptop Lenovo Legion Pro 7 16IRX9H - 83DE001NVN (i9-14900HX) (Xám),88990000,0,0,LENOVO
Laptop gaming MSI Cyborg 15 A13VFK-876VN (i7-13620H/RAM 16GB/GeForce RTX 4060/512GB SSD/ Windows 11),29990000,0,0,MSI
Laptop gaming MSI Stealth 18 AI Studio A1VHG-025VN (Ultra 9 185H/RAM 32GB/GeForce RTX 4080/2TB SSD/ Windows 11),94990000,0,0,MSI
Laptop Lenovo IdeaPad 3 14IAU7 - 82RJ00F9VN (i3-1215U/RAM 16GB/Onboard/512GB SSD/ Windows 11),13390000,0,0,LENOVO
Laptop Lenovo IdeaPad Slim 5 14IMH9 - 83DA006UVN (Ultra 7-155H/RAM 16GB/Onboard/512GB SSD/ Windows 11),25690000,0,0,LENOVO
Laptop gaming Lenovo LOQ 15ARP9 - 83JC007JVN (Ryzen 5 7235HS/RAM 24GB/GeForce RTX 3050/512GB SSD/ Windows 11),24490000,0,0,LENOVO
Laptop ASUS Vivobook 14X OLED A1405ZA-KM264W (i5-12500H/RAM 16GB/Onboard/512GB SSD/ Windows 11),18690000,0,18990000,ASUS
Laptop HP Victus 16-s0144AX - 9Q991PA (Ryzen 5 7640HS/RAM 32GB/GeForce RTX 4050/512GB SSD/ Windows 11),36290000,0,0,HP
Laptop gaming HP Victus 16-s0142AX - 9Q989PA (Ryzen 5 7640HS/RAM 32GB/GeForce RTX 4060/512GB SSD/ Windows 11),38790000,0,0,HP
Laptop gaming HP Victus 16-r0223TX - 9Q974PA (i7-13700H/RAM 32GB/GeForce RTX 4070/512GB SSD/ Windows 11),45890000,0,0,HP
Laptop ASUS Zenbook 14 Oled UX3405MA-PP475W (Ultra 9 185H/RAM 32GB/Onboard/1TB SSD/ Windows 11),36990000,0,0,ASUS
Laptop HP 15s 15-fd1062TU - 9Z2Y0PA (Ultra 5-125H/RAM 16GB/Onboard/1TB SSD/ Windows 11),21590000,0,0,HP
"Máy tính xách tay Macbook Air 13.6"" (M3 8 core CPU - 10 core GPU/ 16GB/ 512GB SSD/ 70W)",37990000,0,0,APPLE
"Apple MacBook Air M3 13.6"" (16GB/512GB SSD M.2 SATA)",37990000,0,0,APPLE
Laptop MSI Katana A15 AI B8VG-466VN (Ryzen 9 8945HS/RAM 16GB/GeForce RTX 4070/1TB SSD/ Windows 11),41990000,0,0,MSI
Laptop Asus Vivobook S 14 OLED S5406MA-PP219WS (Ultra 5-125H),26990000,0,0,ASUS
Laptop gaming MSI Stealth 16 AI Studio A1VGG-240VN (Ultra 7-155H/RAM 32GB/2TB SSD/ Windows 11),64990000,0,0,MSI
Laptop ASUS ROG Strix G16 G614JU-N4132W (i7-13650HX/RAM 16GB/GeForce RTX 4050/512GB SSD/ Windows 11),41990000,0,0,ASUS
Laptop MSI Sword 16 HX B14VEKG-459VN (i7-14700HX/RAM 16GB/GeForce RTX 4050/1TB SSD/ Windows 11),35990000,0,0,MSI
Laptop gaming MSI Stealth 18 AI Studio A1VHG-058VN (Ultra 9 185H/RAM 32GB/GeForce RTX 4080/2TB SSD/ Windows 11),98990000,0,0,MSI
Laptop MSI Sword 16 HX B14VGKG-466VN (i7-14650HX/RAM 16GB/GeForce RTX 4070/1TB SSD/ Windows 11),41990000,0,0,MSI
Laptop MSI Raider GE68 HX 14VHG-646VN (i9-14900HX/RAM 32GB/GeForce RTX 4080/2TB SSD/ Windows 11),89990000,0,0,MSI
Laptop MSI Katana 15 B13VGK-2065VN (i7-13620H/RAM 16GB/GeForce RTX 4070/1TB SSD/ Windows 11),38990000,0,0,MSI
Laptop gaming MSI Stealth 18 AI Studio A1VGG-008VN (Ultra 9 185H/RAM 32GB/GeForce RTX 4070/2TB SSD/ Windows 11),79990000,0,0,MSI
Laptop MSI Sword 16 HX B14VFKG-460VN (i7-14650HX/RAM 16GB/GeForce RTX 4060/1TB SSD/ Windows 11),39990000,0,0,MSI
Laptop gaming MSI Stealth 16 Mercedes AMG Motorsport A1VGG-293VN (Ultra 9 185H/RAM 32GB/GeForce RTX 4070/2TB SSD/ Windows 11),70990000,0,0,MSI
Laptop gaming MSI Stealth 14 AI Studio A1VFG-085VN (Ultra 7-155H/RAM 32GB/GeForce RTX 4060/1TB SSD/ Windows 11),51990000,0,0,MSI
Laptop MSI Pulse 17 AI C1VGKG-017VN (Ultra 7 155H),51990000,0,0,MSI
Laptop Dell Inspiron 15 3530 N3530-i3U165W11SLU (i3-1305U/RAM 16GB/Onboard/512GB SSD/ Windows 11 + Office),13890000,0,0,DELL
Laptop Dell Inspiron 15 3530 N3530-i5U165W11SLU (i5-1334U/RAM 16GB/Onboard/512GB SSD/ Windows 11 + Office),18690000,0,0,DELL
Laptop gaming MSI Stealth 18 Mercedes AMG A1VHG-080VN (Ultra 9 185H/RAM 32GB/GeForce RTX 4080/2TB SSD/ Windows 11),102990000,0,0,MSI
Laptop LG Gram 16Z90SP-K.AH75A5 (Ultra 7-155H/RAM 16GB/Onboard/512GB SSD/ Windows 11),51400000,0,0,LG
Laptop LG Gram 14T90S-G.AH55A5 (Ultra 5-125H/RAM 16GB/Onboard/512GB SSD/ Windows 11),44000000,0,0,LG
Laptop LG Gram 17Z90S-G.AH78A5 (Ultra 7-155H/RAM 16GB/Onboard/1TB SSD/ Windows 11),49290000,0,0,LG
Laptop gaming ACER Nitro V 16 ProPanel ANV16-41-R6NA (Ryzen 7 8845HS/RAM 16GB/GeForce RTX 4060/512GB SSD/ Windows 11),34990000,0,0,ACER
Laptop Lenovo ThinkPad E16 G2 T - 21MA004HVN (Ultra 7-155U/RAM 16GB/Onboard/512GB SSD/ Windows 11),29190000,0,0,LENOVO
Laptop Lenovo ThinkPad E16 G1 T - 21JN006GVN (i7-1355U/RAM 16GB/Onboard/512GB SSD/ Windows 11),26290000,0,0,LENOVO
Laptop ASUS TUF Gaming A15 FA506NFR-HN075W (Ryzen 7 7435HS/RAM 16GB/GeForce RTX 2050/512GB SSD/ Windows 11),22990000,0,0,ASUS
